 ,PORT ANCILLARY SERVICE PAYMENT MONITORNG,,,,,,,,,,,,,"₱345,479.65",
,,,,,,,,,,,,,,,
,NO.,CONTROL NO.,SERVICE PROVIDER,MONTH,TERMINAL,TYPE OF SERVICE,VESSEL NAME,SERVICE FEE,VAT,TOTAL,O.R NUMBER,DATE OF PAYMENT,Month of Application,REMARKS,Total Ancillary Collection
,,PS-26-428-505,EXCEL-PRIME GENERAL SERVICE & ENTERPRISE CORP.,October,PCC,CARGO HANDLING SERVICES,"MV ELEVEN GOLD
MV ORIENTAL PEACE","6,147.54",,"6,147.54",0101546,"January 23, 2026",-Jan-,JUP,
,,PAS-26-001,EMB CARGO INSPECTION SERVICES,December,GNPD,MARINE SURVEY,MV SHI DAI 10,,,,,,,,
,,PAS-26-002,SMS SURVEYING,January,MPGC,MARINE SURVEY,MV GNS HONOUR,,,,,,,,
,,PAS-26-003,METROFUME CORP,January,STC,OTHERS,MV AN HAI STAR,,,,,,,,
,,PAS-26-004,SGS PHILIPPINES INC,January,PCC,MARINE SURVEY,MV HOANG ANH 12,"1,500.00",180.00,"1,680.00",0101123,"January 09, 2026",-Jan-,JUP,
,,PAS-26-005,JLA NON-HAZARDOUS WASTE OPERATIONS SERVICES,January,SMBI,WASTE COLLECTION,MV TAO STAR,"1,500.00",180.00,"1,680.00",0101123,"January 09, 2026",-Jan-,JUP,
,,PAS-26-006,JLA NON-HAZARDOUS WASTE OPERATIONS SERVICES,January,STC,WASTE COLLECTION,MV APOLLO GR,,,,,,,,
,,PAS-26-007,JLA NON-HAZARDOUS WASTE OPERATIONS SERVICES,January,GNPD,WASTE COLLECTION,MV SHAI DAI,"1,500.00",180.00,"1,680.00",0101813,"February 17, 2026",-Jan-,JPM,
,,PAS-26-008,JLA NON-HAZARDOUS WASTE OPERATIONS SERVICES,January,MPGC,WASTE COLLECTION,MV SL ROSE,"1,500.00",180.00,"1,680.00",0079007,"February 02, 2026",-Jan-,NSD,
,,PAS-26-009,GREGG SHORE RECEPTION FACILITY SERVICES PROVIDER,January,STC,WASTE COLLECTION,MV KAPITAN GREGORIO OCA,180.00,21.60,201.60,0101920,"February 26, 2026",-Jan-,NSD,
,,PAS-26-010,CARES MARINE & CARGO SURVEYOR,January,SMBI,MARINE SURVEY,MV TAO STAR ,844.25,,844.25,0097102,"May 11, 2026",-Jan-,JGS,
,,PAS-26-011,MPM SAFETY INDUSTRIES CO.,January,STC,CHANDLING,MV KAPITAN GREGORIO OCA,,,,,,-Jan-,,
,,PAS-26-012,GREGG SHORE RECEPTION FACILITY SERVICES PROVIDER,January,STC,WASTE COLLECTION,MV AN HAI STAR,"1,500.00",180.00,"1,680.00",0101920,"February 26, 2026",-Jan-,NSD,
,,PAS-26-013,FILOIL LOGISTICS CORPORATION,January,STC,BUNKERING,MV KGO,,,,,,,,
,,PAS-26-014,EMB CARGO INSPECTION SERVICES,January,GNPD,MARINE SURVEY,MV SWEET LYDIA,,,,,,,,
,,PAS-26-015,ACQUA DELTA CORP.,January,PCC,BUNKERING,MV AGRO MARINE V,591.52,70.98,662.50,0101012,"January 07, 2026",-Jan-,JGS,
,,PAS-26-016,SAN ANTONIO MRKTG ENT. INC.,January,MPGC,CHANDLING,MV KATERINA III,,,,,,,,
,,PAS-26-017,EON,January,STC,CHANDLING,MV HAI CHANG,,,,,,,,
,,PAS-26-018,METROFUME CORP,,,,MV DAISY GLORY,,,,,,,,
,,PAS-26-019,MPM SAFETY INDUSTRIES CO.,January,,CHANDLING,MV KAPITAN GREGORIO,,,,,,,,
,,PAS-26-020,EMB CARGO INSPECTION SERVICES,January,GNPD,OTHERS,MV MAGIC STARLIGHT,,,,,,,,
,,PAS-26-021,GREGG SHORE RECEPTION FACILITY SERVICES PROVIDER,January,STC,WASTE COLLECTION,MV IWAMI,"1,500.00",180.00,"1,680.00",0101920,"February 26, 2026",-Jan-,NSD,
,,PAS-26-022,GREGG SHORE RECEPTION FACILITY SERVICES PROVIDER,January,MPGC,WASTE COLLECTION,MV CENTURY XIAMEN,"1,500.00",180.00,"1,680.00",0101920,"February 26, 2026",-Jan-,NSD,
,,PAS-26-023,GREGG SHORE RECEPTION FACILITY SERVICES PROVIDER,January,PCC,WASTE COLLECTION,MV HUANG ANG 12,,,,,,,,
,,PAS-26-024,SGS PHILIPPINES INC,January,SMBI,OTHERS,MV TAO STAR,,,,,,,,
,,PAS-26-025,SGS PHILIPPINES INC,January,STC,OTHERS,MV HAI CHANG,,,,,,,,
,,PAS-26-026,EMB CARGO INSPECTION SERVICES,January,STC,OTHERS,MV APOLLO GR,,,,,,,,
,,PAS-26-027,JLA NON-HAZARDOUS WASTE OPERATIONS SERVICES,January,GNPD,WASTE COLLECTION,MV SWEET LYDIA,"1,500.00",180.00,"1,680.00",0079007,"February 02, 2026",-Feb-,NSD,
,,PAS-26-028,JLA NON-HAZARDOUS WASTE OPERATIONS SERVICES,January,STC,WASTE COLLECTION,MV HAI CHANG,"1,500.00",180.00,"1,680.00",0101250,"January 14, 2026",-Jan-,,
,,PAS-26-029,JLA NON-HAZARDOUS WASTE OPERATIONS SERVICES,January,GNPD,WASTE COLLECTION,MV MAGIC STARLIGHT,"1,500.00",180.00,"1,680.00",0079007,"February 02, 2026",-Feb-,NSD,
,,PAS-26-030,TRITON CONSTRUCTION AND DEVELOPMENT CORP.,January,SISIMAN,CARGO HANDLING SERVICES,LCT GRANDWISH 6,"5,267.25",632.07,"5,899.32",0101200,"January 12, 2026",-Jan-,,
,,PAS-26-031,SEAFORD SHIPPING LINE,January,PCC,CHANDLING,MV SF ICON,500.00,60.00,560.00,0101406,"January 20, 2026",-Jan-,JUP,
,,PAS-26-032,EXCEL-PRIME GENERAL SERVICE & ENTERPRISE CORP.,January,PCC,OTHERS,MV LANCANG RIVER,"3,333.96",,"3,333.96",0079843,"March 25, 2026",-Mar-,JUP,
,,PAS-26-033,EXCEL-PRIME GENERAL SERVICE & ENTERPRISE CORP.,January,PCC,OTHERS,MV HOANG ANH 12,2945.88,,561.00,0079843,"March 25, 2026",-Mar-,RMG,
,,PAS-26-034,TRITON CONSTRUCTION AND DEVELOPMENT CORP.,January,SISIMAN,CARGO HANDLING SERVICES,LCT GRANDWISH 6,"5,267.25",632.07,"5,899.32",0101271,"January 14, 2026",-Jan-,NSD,
,,PAS-26-035,GREGG SHORE RECEPTION FACILITY SERVICES PROVIDER,January,PCC,WASTE COLLECTION,MV LANCANG RIVER,"1,500.00",180.00,"1,680.00",0101920,"February 26, 2026",-Feb-,NSD,
,,PAS-26-036,ACQUA DELTA CORP.,January,PCC,BUNKERING,MV AGRO MARINE III,593.86,71.26,665.12,0101373,"January 19, 2026",-Jan-,JAMP,PAS-25-530/564
,,PAS-26-037,BUREAU VERITAS/ INSPECTORATE PHILS ,January,MPGC,MARINE SURVEY,MV CENTURY XIAMEN,"5,400.00",,"5,400.00",0101453,"January 21, 2026",-Jan-,,
,,PAS-26-038,EMB CARGO INSPECTION SERVICES,January,GNPD,OTHERS,MV PEACE GARDEN,,,,,,,,
,,PAS-26-039,EMB CARGO INSPECTION SERVICES,January,GNPD,OTHERS,MV GOOD LUCK,,,,,,,,
,,PAS-26-040,EMB CARGO INSPECTION SERVICES,January,GNPD,OTHERS,MV SWEET LYDIA,,,,,,,,
,,PAS-26-041,JLA NON-HAZARDOUS WASTE OPERATIONS SERVICES,January,GNPD,WASTE COLLECTION,MV PEACE GARDEN,"1,500.00",180.00,"1,680.00",0101813,"February 17, 2026",-Jan-,JPM,
,,PAS-26-042,JLA NON-HAZARDOUS WASTE OPERATIONS SERVICES,January,GNPD,WASTE COLLECTION,MV SWEET LYDIA,"1,500.00",180.00,"1,680.00",0101813,"February 17, 2026",-Jan-,JPM,
,,PAS-26-043,JLA NON-HAZARDOUS WASTE OPERATIONS SERVICES,January,GNPD,WASTE COLLECTION,MV GOOD LUCK,"1,500.00",180.00,"1,680.00",0101813,"February 17, 2026",-Jan-,JPM,
,,PAS-26-044,SGS PHILIPPINES INC,January,STC,OTHERS,MV CORIO BAY,"3,604.31",432.52,"4,036.83",0101442,"January 21, 2026",-Jan-,JUP,
,,PAS-26-045,DONDON SHIP SUPPLY ,January,MPGC ,CHANDLING,MV CENTURY XIAMEN ,594.00,142.37,736.37,0101525,"January 23, 2026",-Jan-,JGS,
,,PAS-26-046,VERLAND GASOLINE STATION CORP.,January,PCC,BUNKERING,MV FLASH,594.77,71.37,666.14,0101469,"January 21, 2026",-Jan-,,
,,PAS-26-047,SGS PHILIPPINES INC,January,PCC,MARINE SURVEY,MV ORIENTAL MASTER,,,,,,,JGS,
,,PAS-26-048,"SEAOIL PHILIPPINES, INC.",January,PCC,BUNKERING,MV RICHELLE V,"1,775.01",213.00,"1,988.01",0101540,"January 23, 2026",-Jan-,,
,,PAS-26-049,JLA NON-HAZARDOUS WASTE OPERATIONS SERVICES,January,GNPD,WASTE COLLECTION,MV CORIO BAY,,,,,,,,
,,PAS-26-050,JLA NON-HAZARDOUS WASTE OPERATIONS SERVICES,January,STC,WASTE COLLECTION,MV TAN AN FREIGHTER,"1,500.00",180.00,"1,680.00",0079007,"February 02, 2026",-Feb-,NSD,
,,PAS-26-051,JLA NON-HAZARDOUS WASTE OPERATIONS SERVICES,January,STC,WASTE COLLECTION,MV STAR 55,"1,500.00",180.00,"1,680.00",0079007,"February 02, 2026",-Feb-,NSD,
,,PAS-26-052,JLA NON-HAZARDOUS WASTE OPERATIONS SERVICES,January,STC,WASTE COLLECTION,MV TAN AN FREIGHTER,"1,500.00",180.00,"1,680.00",0079007,"February 02, 2026",-Feb-,NSD,
,,PAS-26-053,GREGG SHORE RECEPTION FACILITY SERVICES PROVIDER,January,STC,WASTE COLLECTION,MV KUWANA,,,,,,,,
,,PAS-26-054,GREGG SHORE RECEPTION FACILITY SERVICES PROVIDER,January,STC,WASTE COLLECTION,MV KUWANA,,,,,,,,
,,PAS-26-055,JLA NON-HAZARDOUS WASTE OPERATIONS SERVICES,January,STC,WASTE COLLECTION,MV TAN AN ADVANCE,"1,500.00",180.00,"1,680.00",0079007,"February 02, 2026",-Feb-,NSD,
,,PAS-26-056,EMB CARGO INSPECTION SERVICES,January,GNPD,MARINE SURVEY,MV DIAMOND TRADER,,,,,,,,
,,PAS-26-057,ACQUA DELTA RESOURCE CORP.,January,PCC,BUNKERING,MV AGRO MARINE V,,,,,,,,
,,PAS-26-058,JLA NON-HAZARDOUS WASTE OPERATIONS SERVICES,January,GNPD,WASTE COLLECTION,MV DIAMOND TRADER,"1,500.00",180.00,"1,680.00",0101813,"February 17, 2026",-Jan-,JPM,
,,PAS-26-059,ACQUA DELTA RESOURCE CORP.,January,PCC,BUNKERING,MV AGRO MARINE III,584.43,70.13,654.56,0079148,"February 10, 2026",-Feb-,JUP,
,,PAS-26-060,BUREAU VERITAS/ INSPECTORATE PHILS ,February,MPGC,MARINE SURVEY,MV RUI NING 20,,,,,,,,
,,PAS-26-061,BUREAU VERITAS/ INSPECTORATE PHILS ,February,MPGC,MARINE SURVEY,MV TAN FU MING SHENG,,,,,,,,
,,PAS-26-062,EMB CARGO INSPECTION SERVICES,February,GNPD,OTHERS,MV THERESA HAINAN,,,,,,,,
,,PAS-26-063,EXCEL-PRIME GENERAL SERVICE & ENTERPRISE CORP.,February,PCC,OTHERS,MV ORIENTAL MASTER,"2,813.58",,"2,813.58",0079843,"March 25, 2026",-Mar-,JUP,
,,PAS-26-064,EXCEL-PRIME GENERAL SERVICE & ENTERPRISE CORP.,February,PCC,OTHERS,MV YN GANG 2,"3,016.44",,"3,016.44",0079843,"March 25, 2026",-Mar-,JUP,
,,PAS-26-065,GREGG SHORE RECEPTION FACILITY SERVICES PROVIDER,February,PCC,WASTE COLLECTION,MV YAN GANG 2,"1,500.00",180.00,"1,680.00",0101920,"February 26, 2026",-Feb-,NSD,
,,PAS-26-066,EXCEL-PRIME GENERAL SERVICE & ENTERPRISE CORP.,February,PCC,CARGO HANDLING SERVICES,MV CRYSTAL WAVE,,,,,,,,
,,PAS-26-067,EXCEL-PRIME GENERAL SERVICE & ENTERPRISE CORP.,February,PCC,CARGO HANDLING SERVICES,MV PACIFIC COMRADE,,,,,,,,
,,PAS-26-068,SGS PHILIPPINES INC,February,PCC,OTHERS,MV YAN GANG 2,,,,,,,,
,,PAS-26-069,JLA NON-HAZARDOUS WASTE OPERATIONS SERVICES,February,GNPD,WASTE COLLECTION,MV THERESA HAINAN,"1,500.00",180.00,"1,680.00",0079719,"March 19, 2026",-Mar-,RAT,
,,PAS-26-070,SMS SURVEYING,February,MPGC,MARINE SURVEY,MV RUI NING 20,"2,500.00",300.00,"2,800.00",0079056,"February 04, 2026",-Feb-,JUP,
,,PAS-26-071,TYCOON DISTRIBUTORS CORPORATION,February,STC,BUNKERING,MV KAPITAN GREGORIO OCA,"5,896.80",707.62,"6,604.42",0079082,"February 05, 2026",-Feb-,JGS,
,,PAS-26-072,GREGG SHORE RECEPTION FACILITY SERVICES PROVIDER,February,STC,WASTE COLLECTION,MV KAPITAN GREGORIO OCA,,,,,,,,
,,PAS-26-073,MPM SAFETY INDUSTRIES CO.,February,CAMAYA COAST,CHANDLING,MV ISLAND ADVENTURER,500.00,60.00,560.00,5506 5491 4,"February 07, 2026",-Feb-,"ECD, GCASH PAYMENT",
,,PAS-26-074,EMB CARGO INSPECTION SERVICES,February,GNPD,OTHERS,MV CEMTEX INNOVATION,,,,,,,,
,,PAS-26-075,SHARK TRANSPORT SYSTEM CORP.,February,STC,CHANDLING,MV RICHARD,"1,600.00",192.00,"1,792.00",0101791,"February 10, 2026",-Feb-,JGS,
,,PAS-26-076,JLA NON-HAZARDOUS WASTE OPERATIONS SERVICES,February,STC,WASTE COLLECTION,MV MD SKY,"1,500.00",180.00,"1,680.00",0101813,"February 17, 2026",-Feb-,JPM,
,,PAS-26-077,JLA NON-HAZARDOUS WASTE OPERATIONS SERVICES,February,STC,WASTE COLLECTION,MV MR. PEPPER,"1,500.00",180.00,"1,680.00",0101813,"February 17, 2026",-Feb-,JPM,
,,PAS-26-078,JLA NON-HAZARDOUS WASTE OPERATIONS SERVICES,February,STC,WASTE COLLECTION,MV NEWSUN BLUE,"1,500.00",180.00,"1,680.00",0101813,"February 17, 2026",-Feb-,JPM,
,,PAS-26-079,JLA NON-HAZARDOUS WASTE OPERATIONS SERVICES,February,STC,WASTE COLLECTION,MV ORIENTAL BAY,"1,500.00",180.00,"1,680.00",0102015,"March 05, 2026",-Mar-,JUP,
,,PAS-26-080,JLA NON-HAZARDOUS WASTE OPERATIONS SERVICES,February,STC,WASTE COLLECTION,MV VINACOMIN HANOI,"1,500.00",180.00,"1,680.00",0101813,"February 17, 2026",-Feb-,JPM,
,,PAS-26-081,SGS PHILIPPINES INC,February,PCC,OTHERS,MV LIAN YI DA HAO,,,,,,,,
,,PAS-26-082,SGS PHILIPPINES INC,February,PCC,OTHERS,MV ELEVEN GOLD,,,,,,,,
,,PAS-26-083,EXCEL-PRIME GENERAL SERVICE & ENTERPRISE CORP.,February,PCC,OTHERS,MV ELEVEN GOLD ,"2,998.80",,"2,998.80",0102717,"April 23, 2026",-Apr-,JUP,
,,PAS-26-084,EXCEL-PRIME GENERAL SERVICE & ENTERPRISE CORP.,February,PCC,OTHERS,MV LIAN YI DA 2 HAO,"2,884.14",,"2,884.14",0102717,"April 23, 2026",-Apr-,JUP,
,,PAS-26-085,JLA NON-HAZARDOUS WASTE OPERATIONS SERVICES,February,GNPD,WASTE COLLECTION,MV CEMTEX INNOVATION,"1,500.00",180.00,"1,680.00",0079719,"March 19, 2026",-Mar-,RAT,
,,PAS-26-086,EXCEL-PRIME GENERAL SERVICE & ENTERPRISE CORP.,February,PCC,OTHERS,MV CRYSTAL WAVE ,,,,,,,,
,,PAS-26-087,EXCEL-PRIME GENERAL SERVICE & ENTERPRISE CORP.,February,PCC,OTHERS,MV PACIFIC COMRADE,,,,,,,,
,,PAS-26-088,SAN ANTONIO MRKTG ENT. INC.,February,STC,CHANDLING,MV SABRINA FAIR,700.72,84.09,784.80,0079229,"February 12, 2026",-Feb-,NSD,
,,PAS-26-089,SAN ANTONIO MRKTG ENT. INC.,February,STC,CHANDLING,MV BONETTI,700.72,84.09,784.80,0079229,"February 12, 2026",-Feb-,NSD,
,,PAS-26-090,JLA NON-HAZARDOUS WASTE OPERATIONS SERVICES,February,STC,WASTE COLLECTION,MV BONETTI,"1,500.00",180.00,"1,680.00",0101813,"February 17, 2026",-Feb-,JPM,
,,PAS-26-091,GREGG SHORE RECEPTION FACILITY SERVICES PROVIDER,February,PCC,WASTE COLLECTION,MV ELEVEN GOLD,"1,500.00",180.00,"1,680.00",0101920,"February 26, 2026",-Feb-,NSD,
,,PAS-26-092,JLA NON-HAZARDOUS WASTE OPERATIONS SERVICES,February,STC,WASTE COLLECTION,MV SABRINA FAIR,"1,500.00",180.00,"1,680.00",0101813,"February 17, 2026",-Feb-,JPM,
,,PAS-26-093,ECG MANILA,February,STC,"VESSEL REPAIRS, HOTWORKS & MAINTENANCE",MV SABRINA FAIR,"3,000.00",,"3,000.00",0101807,"February 14, 2026",-Feb-,NSD,
,,PAS-26-094,EMB CARGO INSPECTION SERVICES,February,GNPD,MARINE SURVEY,MV WELPROFIT,,,,,,,,
,,PAS-26-095,JLA NON-HAZARDOUS WASTE OPERATIONS SERVICES,February,GNPD,WASTE COLLECTION,MV WELPROFIT,"1,500.00",180.00,"1,680.00",0079719,"March 19, 2026",-Mar-,RAT,
,,PAS-26-096,EXCEL-PRIME GENERAL SERVICE & ENTERPRISE CORP.,February,PCC,OTHERS,MV INLACO BRIGHT,"3,016.44",,"3,016.44",0102717,"April 23, 2026",-Apr-,JUP,
,,PAS-26-097,SGS PHILIPPINES INC,February,PCC,OTHERS,MV INLACO BRIGHT,,,,,,,,
,,PAS-26-098,GREGG SHORE RECEPTION FACILITY SERVICES PROVIDER,February,PCC,WASTE COLLECTION,MV INLACO BRIGHT ,,,,,,,,
,,PAS-26-099,GREGG SHORE RECEPTION FACILITY SERVICES PROVIDER,February,PCC,WASTE COLLECTION,MV LIAN YI DA 2 HAO,,,,,,,,
,,PAS-26-100,BUREAU VERITAS/ INSPECTORATE PHILS ,February,MPGC,MARINE SURVEY,MV GUO HAI LIAN 802,,,,,,,,
,,PAS-26-100,BUREAU VERITAS/ INSPECTORATE PHILS ,March,#N/A,#N/A,MV GUO HAI LIAN 802,"1,800.00",,"1,800.00",0079939,"March 31, 2026",-Mar-,JUP,
,,PAS-26-101,SGS PHILIPPINES INC,February,#N/A,#N/A,MV AJISAI,,,,,,,,
,,PAS-26-102,JLA NON-HAZARDOUS WASTE OPERATIONS SERVICES,February,#N/A,#N/A,MV NASICO EAGLE ,"1,500.00",180.00,"1,680.00",0102015,"March 05, 2026",-Mar-,JUP,
,,PAS-26-103,GREGG SHORE RECEPTION FACILITY SERVICES PROVIDER,February,#N/A,#N/A,MV SF HORIZON,,,,,,,,
,,PAS-26-104,GENERAL SERVICE AND ENTERPRISE CORP.,February,#N/A,#N/A,MV AJISAI,"2,804.76",,"2,804.76",0102717,"April 23, 2026",-Apr-,JUP,
,,PAS-26-108,TRITON CONSTRUCTION AND DEVELOPMENT CORP.,February,SISIMAN,CARGO HANDLING SERVICES,MV STELLA MARIS IA,"5,267.25",632.07,"5,899.32",0101931,"February 28, 2026",-Feb-,ECD,
,,PAS-26-109,ACQUA DELTA RESOURCE CORP.,March ,PCC,BUNKERING,MV AGRO MARINE III,585.99,70.32,656.31,010211,"March 05, 2026",-Mar-,JUP,
,,PAS-26-110,JLA NON-HAZARDOUS WASTE OPERATIONS SERVICES,March,GNPD,WASTE COLLECTION,MV SWEET LYDIA,"1,500.00",180.00,"1,680.00",0079719,"March 19, 2026",-Mar-,RAT,
,,PAS-26-111,JLA NON-HAZARDOUS WASTE OPERATIONS SERVICES,March,STC,WASTE COLLECTION,MV ROYAL 39,"1,500.00",180.00,"1,680.00",0102168,"March 27, 2026",-Mar-,JGS,
,,PAS-26-112,JLA NON-HAZARDOUS WASTE OPERATIONS SERVICES,March,GNPD,WASTE COLLECTION,MV WU GU FENG,"1,500.00",180.00,"1,680.00",0079719,"March 19, 2026",-Mar-,RAT,
,,PAS-26-114,PALAWAN STAR SHIPPING LINE,March,STC,BUNKERING,MV DON LORENZO I,"1,406.38",168.77,"1,575.15",0079583,"March 11, 2026",-Mar-,ecd,
,,PAS-26-116,JOTUN,March,MPGC,CHANDLING,MV C FORCE,500.00,60.00,560.00,0079430,"March 06, 2026",-Mar-,JUP,
,,PAS-26-117,SAN ANTONIO MRKTG ENT. INC.,March,MPGC,CHANDLING,MV C FORCE,877.04,105.24,982.28,010229,"March 05, 2026",-Mar-,JUP,
,,PAS-26-120,GENERAL SERVICE AND ENTERPRISE CORP.,March,PCC,OTHERS,MV ELEVEN GOLD,,,,0102717,"April 23, 2026",-Apr-,JUP,
,,PAS-26-123,JLA NON-HAZARDOUS WASTE OPERATIONS SERVICES,March,STC,WASTE COLLECTION,MV ACHILLES,"1,500.00",180.00,"1,680.00",0079719,"March 19, 2026",-Mar-,RAT,
,,PAS-26-123,JLA NON-HAZARDOUS WASTE OPERATIONS SERVICES,March,STC,WASTE COLLECTION,MV ACHILLES,,,,,,,,
,,PAS-26-125,GREGG SHORE RECEPTION FACILITY SERVICES PROVIDER,March,STC,WASTE COLLECTION,MV KAPITAN GREGORIO OCA,"1,311.43",157.37,"1,468.80",0102678,"April 22, 2026",-Apr-,JUP,
,,PAS-26-130,GREGG SHORE RECEPTION FACILITY SERVICES PROVIDER,March,STC,WASTE COLLECTION,MV DSI AQUARIUS,"1,311.43",157.37,"1,468.80",0102678,"April 22, 2026",-Apr-,JUP,
,,PAS-26-131,SAN ANTONIO MRKTG ENT. INC.,March,STC,CHANDLING,MV DSI AQUARIUS,892.97,107.16,"1,000.13",0102051,"March 13, 2026",-Mar-,JGS,
,,PAS-26-134,BUREAU VERITAS/ INSPECTORATE PHILS ,March,MPGC,OTHERS,MV C FORCE,"1,800.00",,"1,800.00",0079939,"March 31, 2026",-Mar-,JUP,
,,PAS-26-135,JLA NON-HAZARDOUS WASTE OPERATIONS SERVICES,March,MPGC,WASTE COLLECTION,MV SL ROSE,"1,500.00",180.00,"1,680.00",0102342,"April 10, 2026",-Apr-,JGS,
,,PAS-26-136,JLA NON-HAZARDOUS WASTE OPERATIONS SERVICES,March,STC,WASTE COLLECTION,MV HONG LINH 1,"1,500.00",180.00,"1,680.00",0102168,"March 27, 2026",-Mar-,JGS,
,,PAS-26-138,PHILCEMENT CORPORATION,March,PCC,BUNKERING,MV RICHELLE V,"1,796.13",215.54,"2,011.67",0079693,"March 17, 2026",-Mar-,JUP,
,,PAS-26-139,DONDON SHIP SUPPLY & MARINE SERVICES CORP.,March,PCC,CHANDLING,MV SUNRISE SUMMER,"1,724.00",206.88,"1,930.88",0079701,"March 17, 2026",-Mar-,JUP,
,,PAS-26-141,GREGG SHORE RECEPTION FACILITY SERVICES PROVIDER,March,MPGC,WASTE COLLECTION,MV SHEN HUA 808,"1,311.43",157.37,"1,468.80",0102678,"April 22, 2026",-Apr-,JUP,
,,PAS-26-143,ACQUA DELTA RESOURCE CORP.,March,PCC,BUNKERING,MV AGRO MARINE III,"1,072.08",128.65,"1,200.73",0102145,"March 22, 2026",-Mar-,RAM,
,,PAS-26-144,JLA NON-HAZARDOUS WASTE OPERATIONS SERVICES,March,STC,WASTE COLLECTION,MV NASICO EAGLE ,"1,500.00",180.00,"1,680.00",0102168,"March 27, 2026",-Mar-,JGS,
,,PAS-26-145,JLA NON-HAZARDOUS WASTE OPERATIONS SERVICES,March,STC,WASTE COLLECTION,MV NESTORS,"1,500.00",180.00,"1,680.00",0097631,"March 27, 2026",-Mar-,JGS,
,,PAS-26-146,JLA NON-HAZARDOUS WASTE OPERATIONS SERVICES,March,GNPD,WASTE COLLECTION,MV BMC ALPHA,"1,500.00",180.00,"1,680.00",0102168,"June 02, 2026",-Jun-,JUP,
,,PAS-26-149,SMS-SURVEYORS,March,MPGC,MARINE SURVEY,MV SHEN HUA 808,"2,500.00",,"2,500.00",0079797,"March 24, 2026",-Mar-,NSD,
,,PAS-26-150,SMS-SURVEYORS,March,GNPD,MARINE SURVEY,MV DA TANG 712,"2,500.00",,"2,500.00",0079796,"March 24, 2026",-Mar-,NSD,
,,PAS-26-151,PETROTRADE PHILS INC,March,PCC,BUNKERING,MV ZHEN YANG DA,"12,510.18","1,501.22","14,011.40",0079802,"March 24, 2026",-Mar-,NSD,
,,PAS-26-152,PETRON CORPORATION,March,PCC,BUNKERING,MV ZHEN YANG DA,"3,977.23",477.27,"4,454.50",0079803,"March 24, 2026",-Mar-,NSD,
,,PAS-26-153,"SEAOIL PHILIPPINES, INC.",March,PCC,BUNKERING,MV FORTUNE DELIGHT,"1,198.52",143.82,"1,342.34",0102177,"March 27, 2026",-Mar-,JGS,
,,PAS-26-154,"SEAOIL PHILIPPINES, INC.",March,PCC,BUNKERING,MV FORTUNE ODYSSEY,"1,198.52",143.82,"1,342.34",0079830,"March 25, 2026",-Mar-,JGS,
,,PAS-26-156,JLA NON-HAZARDOUS WASTE OPERATIONS SERVICES,March,STC,WASTE COLLECTION,MV LIMCO LOGGER,"1,500.00",180.00,"1,680.00",0102342,"April 10, 2026",-Apr-,JGS,
,,PAS-26-157,JLA NON-HAZARDOUS WASTE OPERATIONS SERVICES,March,STC,WASTE COLLECTION,MV HOANG PHUONG LUCKY,"1,500.00",180.00,"1,680.00",0102168,"March 27, 2026",-Mar-,JGS,
,,PAS-26-160,JLA NON-HAZARDOUS WASTE OPERATIONS SERVICES,March,MPGC,WASTE COLLECTION,MV GLOBAL MELODY,"1,500.00",180.00,"1,680.00",0102342,"April 10, 2026",-Apr-,JGS,
,,PAS-26-161,FILOIL LOGISTICS CORPORATION,March,STC,BUNKERING,MV KGO,"7,827.95",939.35,"8,767.30",0102184,"March 27, 2026",-Mar-,JUP,
,,PAS-26-163,GRREGG SHORE RECEPTION FACILITY SVCS PROVIDER,March,PCC,,MV PACIFIC ESPERANZA,"1,311.43",157.37,"1,468.80",0102678,"April 22, 2026",-Apr-,JUP,
,,PAS-26-169,GRREGG SHORE RECEPTION FACILITY SVCS PROVIDER,April,GNPD,WASTE COLLECTION,MV DA TANG 711,"1,311.43",157.37,"1,468.80",0102678,"April 22, 2026",-Apr-,JUP,
,,PAS-26-171,"SEAOIL PHILIPPINES, INC.",April,PCC,BUNKERING,MV SF HORIZON,"1,206.54",144.78,"1,351.32",0102250,"April 06, 2026",-Apr-,RAM,
,,PAS-26-172,SAN ANTONIO MRKTG ENT. INC.,April,STC,CHANDLING,MV BERGE CATHERINE,906.00,108.72,"1,014.72",0102265,"April 07, 2026",-Apr-,JGS,
,,PAS-26-173,JLA NON-HAZARDOUS WASTE OPERATIONS SERVICES,April,STC,WASTE COLLECTION,MV BERGE CATHERINE,"1,500.00",180.00,"1,680.00",0102342,"April 10, 2026",-Apr-,JGS,
,,PAS-26-174,FORTUNE SEA CARRIER INC.,April,STC,BUNKERING,MV FORTUNE SUPREME,597.70,71.72,669.42,0102402,"April 13, 2026",-Apr-,JGS,
,,PAS-26-175,GRREGG SHORE RECEPTION FACILITY SVCS PROVIDER,April,GNPD,WASTE COLLECTION,MV WELPROFIT,"1,311.43",157.37,"1,468.80",0102678,"April 22, 2026",-Apr-,JUP,
,,PAS-26-176,GRREGG SHORE RECEPTION FACILITY SVCS PROVIDER,April,GNPD,WASTE COLLECTION,MV LESTARI MANJUNG,"1,311.43",157.37,"1,468.80",0102678,"April 22, 2026",-Apr-,JUP,
,,PAS-26-177,JLA NON-HAZARDOUS WASTE OPERATIONS SERVICES,April,STC,WASTE COLLECTION,MV HOANG TRIEU 68,"1,500.00",180.00,"1,680.00",0102909,"May 04, 2026",-May-,JUP,
,,PAS-26-188,S. M. SANTOS ADJUSTERS & SURVEYORS,April,MPGC,MARINE SURVEY,MV SHEN HUA 808,"2,500.00",,"2,500.00",0102395,"April 13, 2026",-Apr-,JGS,
,,PAS-26-189,ORIENTAL SHIP CHANDLER TRADERS INC.,April,STC,CHANDLING,MV THERESA GLORY,"1,494.25",,"1,494.25",185365297,"April 13, 2026",-Apr-,JGS,GCASH PAYMENT
,,PAS-26-193,PETRON CORPORATION,April,PCC,BUNKERING,MV RICHELLE V,"1,197.18",143.66,"1,340.84",0102458,"April 15, 2026",-Apr-,JGS,
,,PAS-26-194,SAN ANTONIO MRKTG ENT. INC.,April,STC,BUNKERING,MV THERESA GLORY,897.89,107.75,"1,005.64",0102459,"April 15, 2026",-Apr-,JGS,
,,PAS-26-191,COASTAL CREW SHIP CHANDLING SERVICES,April,STC,CHANDLING,MV SANTA INES,500.00,60.00,560.00,0102488,"April 15, 2026",-Apr-,IRE,
,,PAS-26-196,JLA NON-HAZARDOUS WASTE OPERATIONS SERVICES,April,STC,WASTE COLLECTION,MV SANTA INES,"1,500.00",180.00,"1,680.00",0102909,"May 04, 2026",-May-,JUP,
,,PAS-26-197,SEA OIL PHILIPPINES INC.,April,PCC,BUNKERING,MV FORTUNE DELIGHT,"1,199.32",143.92,"1,343.24",0102539,"April 17, 2026",-Apr-,JUP,
,,PAS-26-178,JLA NON-HAZARDOUS WASTE OPERATIONS SERVICES,April,STC,WASTE COLLECTION,MV AZURE DOLPHIN,"1,500.00",180.00,"1,680.00",0102545,"April 17, 2026",-Apr-,JUP,
,,PAS-26-179,JLA NON-HAZARDOUS WASTE OPERATIONS SERVICES,April,STC,WASTE COLLECTION,MV ORIENTAL STAR,"1,500.00",180.00,"1,680.00",0102545,"April 17, 2026",-Apr-,JUP,
,,PAS-26-180,JLA NON-HAZARDOUS WASTE OPERATIONS SERVICES,April,STC,WASTE COLLECTION,MV MD SEA,"1,500.00",180.00,"1,680.00",0102545,"April 17, 2026",-Apr-,JUP,
,,PAS-26-181,JLA NON-HAZARDOUS WASTE OPERATIONS SERVICES,April,STC,WASTE COLLECTION,MV HONG LINH 1,"1,500.00",180.00,"1,680.00",0097191,"May 14, 2026",-May-,JGS,
,,PAS-26-190,JLA NON-HAZARDOUS WASTE OPERATIONS SERVICES,April,STC,WASTE COLLECTION,MV THERESA GLORY,"1,500.00",180.00,"1,680.00",0102545,"April 17, 2026",-Apr-,JUP,
,,PAS-26-195,BUREAU VERITAS/ INSPECTORATE PHILS ,April,MPGC,OTHERS,MV SHEN HUA 808,"1,800.00",,"1,800.00",0097376,"May 21, 2026",-May-,JGS,
,,PAS-26-198,SEA OIL PHILIPPINES INC.,April,PCC,BUNKERING,MV JOEGIE 3,599.74,71.97,671.71,0102645,"April 22, 2026",-Apr-,RMG,
,,PAS-26-206,GRREGG SHORE RECEPTION FACILITY SVCS PROVIDER,April,PCC,WASTE COLLECTION,MV HOUIE VENUS,"1,500.00",180.00,"1,680.00",0097511,"May 26, 2026",-May-,JUP,
,,PAS-26-207,JLA NON-HAZARDOUS WASTE OPERATIONS SERVICES,April,STC,WASTE COLLECTION,MV NASICO EAGLE ,"1,500.00",180.00,"1,680.00",0102909,"May 04, 2026",-May-,JUP,
,,PAS-26-208,JLA NON-HAZARDOUS WASTE OPERATIONS SERVICES,April,STC,WASTE COLLECTION,MV MINH ANH 12,"1,500.00",180.00,"1,680.00",0102909,"May 04, 2026",-May-,JUP,
,,PAS-26-209,JLA NON-HAZARDOUS WASTE OPERATIONS SERVICES,April,STC,WASTE COLLECTION,MV ROYAL 18,"1,500.00",180.00,"1,680.00",0102909,"May 04, 2026",-May-,JUP,
,,PAS-26-210,"SEAOIL PHILIPPINES, INC.",April,PCC,BUNKERING,MV DON SALVADOR,841.47,100.98,942.45,0102720,"April 24, 2026",-Apr-,JGS,
,,PAS-26-212,BUREAU VERITAS/ INSPECTORATE PHILS ,April,MPGC,OTHERS,MV VITA MELODY,"1,800.00",,"1,800.00",0097376,"May 21, 2026",-May-,JGS,
,,PAS-26-213,GREGG SHORE RECEPTION FACILITY SERVICES PROVIDER,April,PCC,WASTE COLLECTION,MV SUN GOLD,180.00,21.60,201.60,0097511,"May 26, 2026",-May-,JUP,
,,PAS-26-214,JLA NON-HAZARDOUS WASTE OPERATIONS SERVICES,April,MPGC,WASTE COLLECTION,MV GLOBAL MELODY,"1,500.00",180.00,"1,680.00",0097191,"May 14, 2026",-May-,JGS,
,,PAS-26-215,PHILCEMENT CORPORATION,April,PCC,BUNKERING,MV RICHELLE V,"1,213.66",145.64,"1,359.30",0102798,"April 28, 2026",-Apr-,JGS,
,,PAS-26-216,JLA NON-HAZARDOUS WASTE OPERATIONS SERVICES,April,STC,WASTE COLLECTION,MV PACIFIC WIND ,"1,500.00",180.00,"1,680.00",0102909,"May 04, 2026",-May-,JUP,
,,PAS-26-221,"RCS SHIPPING AGENCIES, INC.",April,STC,CHANDLING,MV PACIFIC WIND,500.00,60.00,560.00,0102824,"April 29, 2026",-Apr-,JGS,
,,PAS-26-222,GENERAL SERVICE & ENTERPRISE CORP.,April,SMBI,OTHERS,MV TAO STAR,"2,978.87",,"2,978.87",0102874,"April 30, 2026",-Apr-,JGS,
,,PAS-26-224,GANZON TRANSPORT SERVICES,April,RRYD,BUNKERING,MV DF 312,610.01,73.20,683.21,0102836,"April 29, 2026",-Apr-,JUP,
,,PAS-26-225,MARITECH MARINE SURVEYING CONSULTANCY,April,MPGC,MARINE SURVEY,MV VITA MELODY,"6,405.11",,"6,405.11",0102837,"April 29, 2026",-Apr-,JGS,
,,PAS-26-226,PETRON CORPORATION,April,PCC,BUNKERING,MV RKK CINCO,854.01,102.48,956.49,0102861,"April 30, 2026",-Apr-,RAM,
,,PAS-26-227,PETRON CORPORATION,April,PCC,BUNKERING,MV KRISTINE UNO,610.01,73.20,683.21,0102860,"April 30, 2026",-Apr-,RAM,
,,PAS-26-228,EMB CARGO INSPECTION SERVICES,April,STC,MARINE SURVEY,MV PACIFIC WIND,350.00,,350.00,0102868,"April 30, 2026",-Apr-,JGS,
,,PAS-26-229,GREGG SHORE RECEPTION FACILITY SERVICES PROVIDER,May,PCC,WASTE COLLECTION,MV ELEVEN GOLD,"1,500.00",180.00,"1,680.00",0097511,"May 26, 2026",-May-,JUP,
,,PAS-26-231,PETRON C/O PHILCEMENT CORP.,May,PCC,BUNKERING,MV FORTUNE DELIGHT,"1,845.18",221.42,"2,066.60",0102882,"May 01, 2026",-May-,JUP,
,,PAS-26-232,JLA NON-HAZARDOUS WASTE OPERATIONS SERVICES,May,STC,WASTE COLLECTION,MV BULK BOLOVIA,"1,500.00",180.00,"1,680.00",0102932,"May 05, 2026",-May-,JGS,
,,PAS-26-233,SHELL PHILIPPINERS CORP.,May,PCC,BUNKERING,MV SF HORIZON,"1,230.80",147.70,"1,378.50",0102915,"May 04, 2026",-May-,IRE,
,,PAS-26-237,JLA NON-HAZARDOUS WASTE OPERATIONS SERVICES,May,STC,WASTE COLLECTION,MV MINH ANH 08,"1,500.00",180.00,"1,680.00",0097542,"May 28, 2026",-May-,JGS,
,,PAS-26-238,JLA NON-HAZARDOUS WASTE OPERATIONS SERVICES,May,STC,WASTE COLLECTION,MV KHAI ANH,"1,500.00",180.00,"1,680.00",0097542,"May 28, 2026",-May-,JGS,
,,PAS-26-239,JLA NON-HAZARDOUS WASTE OPERATIONS SERVICES,May,STC,WASTE COLLECTION,MV DTS VICTORY,"1,500.00",180.00,"1,680.00",0097191,"May 14, 2026",-May-,JGS,
,,PAS-26-240,JLA NON-HAZARDOUS WASTE OPERATIONS SERVICES,May,STC,WASTE COLLECTION,STR LUCKY,"1,500.00",180.00,"1,680.00",0097631,"June 02, 2026",-Jun-,JUP,
,,PAS-26-243,JLA NON-HAZARDOUS WASTE OPERATIONS SERVICES,May,SMBI,WASTE COLLECTION,MD SEA,"1,500.00",180.00,"1,680.00",0097631,"June 02, 2026",-Jun-,JUP,
,,PAS-26-244,GREGG SHORE RECEPTION FACILITY SERVICES PROVIDER,May,PCC,WASTE COLLECTION,MV HE SHENG DAI,"1,500.00",180.00,"1,680.00",0097511,"May 26, 2026",-May-,JUP,
,,PAS-26-245,GREGG SHORE RECEPTION FACILITY SERVICES PROVIDER,May,STC,WASTE COLLECTION,MV LIMCO GOLD,"1,500.00",180.00,"1,680.00",0097511,"May 26, 2026",-May-,JUP,
,,PAS-26-246,GREGG SHORE RECEPTION FACILITY SERVICES PROVIDER,May,STC,WASTE COLLECTION,MV BERGE DOI INTHANON,"1,500.00",180.00,"1,680.00",0097511,"May 26, 2026",-May-,JUP,
,,PAS-26-247,TRITON CONSTRUCTION AND DEVELOPMENT CORP.,May,SISIMAN,CARGO HANDLING SERVICES,MV STELLA MARIS IA,"5,267.25",632.07,"5,833.32",0097121,"May 12, 2026",-May-,JUP,
,,PAS-26-248,PHILCEMENT CORPORATION,May,PCC,BUNKERING,MV RICHELLE V,"1,229.84",147.58,"1,377.42",0097260,"May 17, 2026",-May-,JGS,
,,PAS-26-250,EXCEL-PRIME GENERAL SERVICE & ENTERPRISE CORP.,May,SMBI,CHANDLING,MV STR LUCKY,"1,659.98",199.20,"1,859.18",0097222,"May 14, 2026",-May-,JGS,
,,PAS-26-251,PHILCEMENT CORPORATION,,PCC,BUNKERING,MV FORTUNE ODYSSEY,"1,844.76",221.37,"2,066.13",0097258,"May 17, 2026",-May-,JGS,
,,PAS-26-257,BUREAU VERITAS/ INSPECTORATE PHILS ,May,MPGC,OTHERS,MV HENG TAI QIANG,"1,800.00",,"1,800.00",0097376,"May 21, 2026",-May-,JGS,
,,PAS-26-258,JLA NON-HAZARDOUS WASTE OPERATIONS SERVICES,May,STC,WASTE COLLECTION,MV STAR 55,"1,500.00",180.00,"1,680.00",0097542,"May 28, 2026",-May-,JGS,
,,PAS-26-259,NORTH TREND MARKETING CORP,May,STC,CHANDLING,MV DTS VICTORY,304.99,36.60,341.59,0097343,"May 20, 2026",-May-,JGS,
,,PAS-26-260,OMS SHIPPING CORP.,May,STC,CARGO HANDLING SERVICES,MV MINH AHN 08,"26,251.60",,"26,251.60",0097593,"May 29, 2026",-May-,JGS,
,,PAS-26-263,TRITON CONSTRUCTION AND DEVELOPMENT CORP.,May,SISIMAN,CARGO HANDLING SERVICES,MV STELLA MARIS IA,"5,267.25",632.07,"5,899.32",0097390,"May 21, 2026",-May-,RMG,
,,PAS-26-264,M.A. TAMAYO / M.L. MURAKAMI,May,MPGC,MARINE SURVEY,MV HENG TAI QIANG,"2,500.00",,"2,500.00",0097452,"May 23, 2026",-May-,JAMP,
,,PAS-26-265,TRITON CONSTRUCTION AND DEVELOPMENT CORP.,May,SISIMAN,CARGO HANDLING SERVICES,MV STELLA MARIS IA,"5,267.25",632.07,"5,899.32",0097464,"May 24, 2026",-May-,RAM,
,,PAS-26-269,JLA NON-HAZARDOUS WASTE OPERATIONS SERVICES,May,SISIMAN,WASTE COLLECTION,LCT STELLA MARIS 1A,"1,800.00",21.60,"1,821.60",0097542,"May 28, 2026",-May-,JGS,
,,PAS-26-274,PHILCEMENT CORPORATION,May,PCC,BUNKERING,MV RICHELLE V,"1,233.08",147.97,"1,381.05",0097592,"May 29, 2026",-May-,JGS,
,,PAS-26-275,GREGG SHORE RECEPTION FACILITY SERVICES PROVIDER,May,PHILCEMENT,WASTE COLLECTION,MV ELEVEN GOLD,,,0.00,,,,,
,,PAS-26-278,JLA NON-HAZARDOUS WASTE OPERATIONS SERVICES,June,STC,WASTE COLLECTION,MV SPRING COSMOS,"1,500.00",180.00,"1,680.00",0097631,"June 02, 2026",-Jun-,JUP,
,,,#N/A,#N/A,#N/A,#N/A,#N/A,,,0.00,,,,,
,,,#N/A,#N/A,#N/A,#N/A,#N/A,,,0.00,,,,,
,,,#N/A,#N/A,#N/A,#N/A,#N/A,,,0.00,,,,,
,,,#N/A,#N/A,#N/A,#N/A,#N/A,,,0.00,,,,,
,,,#N/A,#N/A,#N/A,#N/A,#N/A,,,0.00,,,,,
,,,#N/A,#N/A,#N/A,#N/A,#N/A,,,0.00,,,,,
,,,#N/A,#N/A,#N/A,#N/A,#N/A,,,0.00,,,,,
,,,#N/A,#N/A,#N/A,#N/A,#N/A,,,0.00,,,,,
,,,#N/A,#N/A,#N/A,#N/A,#N/A,,,0.00,,,,,
,,,#N/A,#N/A,#N/A,#N/A,#N/A,,,0.00,,,,,
,,,#N/A,#N/A,#N/A,#N/A,#N/A,,,0.00,,,,,
,,,#N/A,#N/A,#N/A,#N/A,#N/A,,,0.00,,,,,
,,,#N/A,#N/A,#N/A,#N/A,#N/A,,,0.00,,,,,
,,,#N/A,#N/A,#N/A,#N/A,#N/A,,,0.00,,,,,
,,,#N/A,#N/A,#N/A,#N/A,#N/A,,,0.00,,,,,
,,,#N/A,#N/A,#N/A,#N/A,#N/A,,,0.00,,,,,
,,,#N/A,#N/A,#N/A,#N/A,#N/A,,,0.00,,,,,
,,,#N/A,#N/A,#N/A,#N/A,#N/A,,,0.00,,,,,
,,,#N/A,#N/A,#N/A,#N/A,#N/A,,,0.00,,,,,
,,,#N/A,#N/A,#N/A,#N/A,#N/A,,,0.00,,,,,
,,,#N/A,#N/A,#N/A,#N/A,#N/A,,,0.00,,,,,
,,,#N/A,#N/A,#N/A,#N/A,#N/A,,,0.00,,,,,
,,,#N/A,#N/A,#N/A,#N/A,#N/A,,,0.00,,,,,
,,,#N/A,#N/A,#N/A,#N/A,#N/A,,,0.00,,,,,
,,,#N/A,#N/A,#N/A,#N/A,#N/A,,,0.00,,,,,
,,,#N/A,#N/A,#N/A,#N/A,#N/A,,,0.00,,,,,
,,,#N/A,#N/A,#N/A,#N/A,#N/A,,,0.00,,,,,
,,,#N/A,#N/A,#N/A,#N/A,#N/A,,,0.00,,,,,
,,,#N/A,#N/A,#N/A,#N/A,#N/A,,,0.00,,,,,
,,,#N/A,#N/A,#N/A,#N/A,#N/A,,,0.00,,,,,
,,,#N/A,#N/A,#N/A,#N/A,#N/A,,,0.00,,,,,
,,,#N/A,#N/A,#N/A,#N/A,#N/A,,,0.00,,,,,
,,,#N/A,#N/A,#N/A,#N/A,#N/A,,,0.00,,,,,
,,,#N/A,#N/A,#N/A,#N/A,#N/A,,,0.00,,,,,
,,,#N/A,#N/A,#N/A,#N/A,#N/A,,,0.00,,,,,
,,,#N/A,#N/A,#N/A,#N/A,#N/A,,,0.00,,,,,
,,,#N/A,#N/A,#N/A,#N/A,#N/A,,,0.00,,,,,
,,,#N/A,#N/A,#N/A,#N/A,#N/A,,,0.00,,,,,
,,,#N/A,#N/A,#N/A,#N/A,#N/A,,,0.00,,,,,
,,,#N/A,#N/A,#N/A,#N/A,#N/A,,,0.00,,,,,
,,,#N/A,#N/A,#N/A,#N/A,#N/A,,,0.00,,,,,
,,,#N/A,#N/A,#N/A,#N/A,#N/A,,,0.00,,,,,
,,,#N/A,#N/A,#N/A,#N/A,#N/A,,,0.00,,,,,
,,,#N/A,#N/A,#N/A,#N/A,#N/A,,,0.00,,,,,
,,,#N/A,#N/A,#N/A,#N/A,#N/A,,,0.00,,,,,
,,,#N/A,#N/A,#N/A,#N/A,#N/A,,,0.00,,,,,
,,,#N/A,#N/A,#N/A,#N/A,#N/A,,,0.00,,,,,
,,,#N/A,#N/A,#N/A,#N/A,#N/A,,,0.00,,,,,
,,,#N/A,#N/A,#N/A,#N/A,#N/A,,,0.00,,,,,
,,,#N/A,#N/A,#N/A,#N/A,#N/A,,,0.00,,,,,
,,,#N/A,#N/A,#N/A,#N/A,#N/A,,,0.00,,,,,
,,,#N/A,#N/A,#N/A,#N/A,#N/A,,,0.00,,,,,
,,,#N/A,#N/A,#N/A,#N/A,#N/A,,,0.00,,,,,
,,,#N/A,#N/A,#N/A,#N/A,#N/A,,,0.00,,,,,
,,,#N/A,#N/A,#N/A,#N/A,#N/A,,,0.00,,,,,
,,,#N/A,#N/A,#N/A,#N/A,#N/A,,,0.00,,,,,
,,,#N/A,#N/A,#N/A,#N/A,#N/A,,,0.00,,,,,
,,,#N/A,#N/A,#N/A,#N/A,#N/A,,,0.00,,,,,
,,,#N/A,#N/A,#N/A,#N/A,#N/A,,,0.00,,,,,
,,,#N/A,#N/A,#N/A,#N/A,#N/A,,,0.00,,,,,
,,,#N/A,#N/A,#N/A,#N/A,#N/A,,,0.00,,,,,
,,,#N/A,#N/A,#N/A,#N/A,#N/A,,,0.00,,,,,
,,,#N/A,#N/A,#N/A,#N/A,#N/A,,,0.00,,,,,
,,,#N/A,#N/A,#N/A,#N/A,#N/A,,,0.00,,,,,
,,,#N/A,#N/A,#N/A,#N/A,#N/A,,,0.00,,,,,
,,,#N/A,#N/A,#N/A,#N/A,#N/A,,,0.00,,,,,
,,,#N/A,#N/A,#N/A,#N/A,#N/A,,,0.00,,,,,
,,,#N/A,#N/A,#N/A,#N/A,#N/A,,,0.00,,,,,
,,,#N/A,#N/A,#N/A,#N/A,#N/A,,,0.00,,,,,
,,,#N/A,#N/A,#N/A,#N/A,#N/A,,,0.00,,,,,
,,,#N/A,#N/A,#N/A,#N/A,#N/A,,,0.00,,,,,
,,,#N/A,#N/A,#N/A,#N/A,#N/A,,,0.00,,,,,
,,,#N/A,#N/A,#N/A,#N/A,#N/A,,,0.00,,,,,
,,,#REF!,#REF!,#REF!,#REF!,#REF!,,,0.00,,,,,
,,,#REF!,#REF!,#REF!,#REF!,#REF!,,,0.00,,,,,
,,,#REF!,#REF!,#REF!,#REF!,#REF!,,,0.00,,,,,
,,,#REF!,#REF!,#REF!,#REF!,#REF!,,,0.00,,,,,
,,,#REF!,#REF!,#REF!,#REF!,#REF!,,,0.00,,,,,
,,,#REF!,#REF!,#REF!,#REF!,#REF!,,,0.00,,,,,
,,,#REF!,#REF!,#REF!,#REF!,#REF!,,,0.00,,,,,
,,,#REF!,#REF!,#REF!,#REF!,#REF!,,,0.00,,,,,
,,,#REF!,#REF!,#REF!,#REF!,#REF!,,,0.00,,,,,
,,,#REF!,#REF!,#REF!,#REF!,#REF!,,,0.00,,,,,
,,,#REF!,#REF!,#REF!,#REF!,#REF!,,,0.00,,,,,
,,,#REF!,#REF!,#REF!,#REF!,#REF!,,,0.00,,,,,
,,,#REF!,#REF!,#REF!,#REF!,#REF!,,,0.00,,,,,
,,,#REF!,#REF!,#REF!,#REF!,#REF!,,,0.00,,,,,
,,,#REF!,#REF!,#REF!,#REF!,#REF!,,,0.00,,,,,
,,,#REF!,#REF!,#REF!,#REF!,#REF!,,,0.00,,,,,
,,,#REF!,#REF!,#REF!,#REF!,#REF!,,,0.00,,,,,
,,,#REF!,#REF!,#REF!,#REF!,#REF!,,,0.00,,,,,
,,,#REF!,#REF!,#REF!,#REF!,#REF!,,,0.00,,,,,
,,,#REF!,#REF!,#REF!,#REF!,#REF!,,,0.00,,,,,
,,,#REF!,#REF!,#REF!,#REF!,#REF!,,,0.00,,,,,
,,,#REF!,#REF!,#REF!,#REF!,#REF!,,,0.00,,,,,
,,,#REF!,#REF!,#REF!,#REF!,#REF!,,,0.00,,,,,
,,,#REF!,#REF!,#REF!,#REF!,#REF!,,,0.00,,,,,
,,,#REF!,#REF!,#REF!,#REF!,#REF!,,,0.00,,,,,
,,,#REF!,#REF!,#REF!,#REF!,#REF!,,,0.00,,,,,
,,,#REF!,#REF!,#REF!,#REF!,#REF!,,,0.00,,,,,
,,,#REF!,#REF!,#REF!,#REF!,#REF!,,,0.00,,,,,
,,,#REF!,#REF!,#REF!,#REF!,#REF!,,,0.00,,,,,
,,,#REF!,#REF!,#REF!,#REF!,#REF!,,,0.00,,,,,
,,,#REF!,#REF!,#REF!,#REF!,#REF!,,,0.00,,,,,
,,,#REF!,#REF!,#REF!,#REF!,#REF!,,,0.00,,,,,
,,,#REF!,#REF!,#REF!,#REF!,#REF!,,,0.00,,,,,
,,,#REF!,#REF!,#REF!,#REF!,#REF!,,,0.00,,,,,
,,,#REF!,#REF!,#REF!,#REF!,#REF!,,,0.00,,,,,
,,,#REF!,#REF!,#REF!,#REF!,#REF!,,,0.00,,,,,
,,,#REF!,#REF!,#REF!,#REF!,#REF!,,,0.00,,,,,
,,,#REF!,#REF!,#REF!,#REF!,#REF!,,,0.00,,,,,
,,,#REF!,#REF!,#REF!,#REF!,#REF!,,,0.00,,,,,
,,,#REF!,#REF!,#REF!,#REF!,#REF!,,,0.00,,,,,
,,,#REF!,#REF!,#REF!,#REF!,#REF!,,,0.00,,,,,
,,,#REF!,#REF!,#REF!,#REF!,#REF!,,,0.00,,,,,
,,,#REF!,#REF!,#REF!,#REF!,#REF!,,,0.00,,,,,
,,,#REF!,#REF!,#REF!,#REF!,#REF!,,,0.00,,,,,
,,,#REF!,#REF!,#REF!,#REF!,#REF!,,,0.00,,,,,
,,,#REF!,#REF!,#REF!,#REF!,#REF!,,,0.00,,,,,
,,,#REF!,#REF!,#REF!,#REF!,#REF!,,,0.00,,,,,
,,,#REF!,#REF!,#REF!,#REF!,#REF!,,,0.00,,,,,
,,,#REF!,#REF!,#REF!,#REF!,#REF!,,,0.00,,,,,
,,,#REF!,#REF!,#REF!,#REF!,#REF!,,,0.00,,,,,
,,,#REF!,#REF!,#REF!,#REF!,#REF!,,,0.00,,,,,
,,,#REF!,#REF!,#REF!,#REF!,#REF!,,,0.00,,,,,
,,,#REF!,#REF!,#REF!,#REF!,#REF!,,,0.00,,,,,
,,,#REF!,#REF!,#REF!,#REF!,#REF!,,,0.00,,,,,
,,,#REF!,#REF!,#REF!,#REF!,#REF!,,,0.00,,,,,
,,,#REF!,#REF!,#REF!,#REF!,#REF!,,,0.00,,,,,
,,,#REF!,#REF!,#REF!,#REF!,#REF!,,,0.00,,,,,
,,,#REF!,#REF!,#REF!,#REF!,#REF!,,,0.00,,,,,
,,,#REF!,#REF!,#REF!,#REF!,#REF!,,,0.00,,,,,
,,,#REF!,#REF!,#REF!,#REF!,#REF!,,,0.00,,,,,
,,,#REF!,#REF!,#REF!,#REF!,#REF!,,,0.00,,,,,
,,,#REF!,#REF!,#REF!,#REF!,#REF!,,,0.00,,,,,
,,,#REF!,#REF!,#REF!,#REF!,#REF!,,,0.00,,,,,
,,,#REF!,#REF!,#REF!,#REF!,#REF!,,,0.00,,,,,
,,,#REF!,#REF!,#REF!,#REF!,#REF!,,,0.00,,,,,
,,,#REF!,#REF!,#REF!,#REF!,#REF!,,,0.00,,,,,
,,,#REF!,#REF!,#REF!,#REF!,#REF!,,,0.00,,,,,
,,,#REF!,#REF!,#REF!,#REF!,#REF!,,,0.00,,,,,
,,,#REF!,#REF!,#REF!,#REF!,#REF!,,,0.00,,,,,
,,,#REF!,#REF!,#REF!,#REF!,#REF!,,,0.00,,,,,
,,,#REF!,#REF!,#REF!,#REF!,#REF!,,,0.00,,,,,
,,,#REF!,#REF!,#REF!,#REF!,#REF!,,,0.00,,,,,
,,,#REF!,#REF!,#REF!,#REF!,#REF!,,,0.00,,,,,
,,,#REF!,#REF!,#REF!,#REF!,#REF!,,,0.00,,,,,
,,,#REF!,#REF!,#REF!,#REF!,#REF!,,,0.00,,,,,
,,,#REF!,#REF!,#REF!,#REF!,#REF!,,,0.00,,,,,
,,,#REF!,#REF!,#REF!,#REF!,#REF!,,,0.00,,,,,
,,,#REF!,#REF!,#REF!,#REF!,#REF!,,,0.00,,,,,
,,,#REF!,#REF!,#REF!,#REF!,#REF!,,,0.00,,,,,
,,,#REF!,#REF!,#REF!,#REF!,#REF!,,,0.00,,,,,
,,,#REF!,#REF!,#REF!,#REF!,#REF!,,,0.00,,,,,
,,,#REF!,#REF!,#REF!,#REF!,#REF!,,,0.00,,,,,
,,,#REF!,#REF!,#REF!,#REF!,#REF!,,,0.00,,,,,
,,,#REF!,#REF!,#REF!,#REF!,#REF!,,,0.00,,,,,
,,,#REF!,#REF!,#REF!,#REF!,#REF!,,,0.00,,,,,
,,,#REF!,#REF!,#REF!,#REF!,#REF!,,,0.00,,,,,
,,,#REF!,#REF!,#REF!,#REF!,#REF!,,,0.00,,,,,
,,,#REF!,#REF!,#REF!,#REF!,#REF!,,,0.00,,,,,
,,,#REF!,#REF!,#REF!,#REF!,#REF!,,,0.00,,,,,
,,,#REF!,#REF!,#REF!,#REF!,#REF!,,,0.00,,,,,
,,,#REF!,#REF!,#REF!,#REF!,#REF!,,,0.00,,,,,
,,,#REF!,#REF!,#REF!,#REF!,#REF!,,,0.00,,,,,
,,,#REF!,#REF!,#REF!,#REF!,#REF!,,,0.00,,,,,
,,,#REF!,#REF!,#REF!,#REF!,#REF!,,,0.00,,,,,
,,,#REF!,#REF!,#REF!,#REF!,#REF!,,,0.00,,,,,
,,,#REF!,#REF!,#REF!,#REF!,#REF!,,,0.00,,,,,
,,,#REF!,#REF!,#REF!,#REF!,#REF!,,,0.00,,,,,
,,,#REF!,#REF!,#REF!,#REF!,#REF!,,,0.00,,,,,
,,,#REF!,#REF!,#REF!,#REF!,#REF!,,,0.00,,,,,
,,,#REF!,#REF!,#REF!,#REF!,#REF!,,,0.00,,,,,
,,,#REF!,#REF!,#REF!,#REF!,#REF!,,,0.00,,,,,
,,,#REF!,#REF!,#REF!,#REF!,#REF!,,,0.00,,,,,
,,,#REF!,#REF!,#REF!,#REF!,#REF!,,,0.00,,,,,
,,,#REF!,#REF!,#REF!,#REF!,#REF!,,,0.00,,,,,
,,,#REF!,#REF!,#REF!,#REF!,#REF!,,,0.00,,,,,
,,,#REF!,#REF!,#REF!,#REF!,#REF!,,,0.00,,,,,
,,,#REF!,#REF!,#REF!,#REF!,#REF!,,,0.00,,,,,
,,,#REF!,#REF!,#REF!,#REF!,#REF!,,,0.00,,,,,
,,,#REF!,#REF!,#REF!,#REF!,#REF!,,,0.00,,,,,
,,,#REF!,#REF!,#REF!,#REF!,#REF!,,,0.00,,,,,
,,,#REF!,#REF!,#REF!,#REF!,#REF!,,,0.00,,,,,
,,,#REF!,#REF!,#REF!,#REF!,#REF!,,,0.00,,,,,
,,,#REF!,#REF!,#REF!,#REF!,#REF!,,,0.00,,,,,
,,,#REF!,#REF!,#REF!,#REF!,#REF!,,,0.00,,,,,
,,,#REF!,#REF!,#REF!,#REF!,#REF!,,,0.00,,,,,
,,,#REF!,#REF!,#REF!,#REF!,#REF!,,,0.00,,,,,
,,,#REF!,#REF!,#REF!,#REF!,#REF!,,,0.00,,,,,
,,,#REF!,#REF!,#REF!,#REF!,#REF!,,,0.00,,,,,
,,,#REF!,#REF!,#REF!,#REF!,#REF!,,,0.00,,,,,
,,,#REF!,#REF!,#REF!,#REF!,#REF!,,,0.00,,,,,
,,,#REF!,#REF!,#REF!,#REF!,#REF!,,,0.00,,,,,
,,,#REF!,#REF!,#REF!,#REF!,#REF!,,,0.00,,,,,
,,,#REF!,#REF!,#REF!,#REF!,#REF!,,,0.00,,,,,
,,,#REF!,#REF!,#REF!,#REF!,#REF!,,,0.00,,,,,
,,,#REF!,#REF!,#REF!,#REF!,#REF!,,,0.00,,,,,
,,,#REF!,#REF!,#REF!,#REF!,#REF!,,,0.00,,,,,
,,,#REF!,#REF!,#REF!,#REF!,#REF!,,,0.00,,,,,
,,,#REF!,#REF!,#REF!,#REF!,#REF!,,,0.00,,,,,
,,,#REF!,#REF!,#REF!,#REF!,#REF!,,,0.00,,,,,
,,,#REF!,#REF!,#REF!,#REF!,#REF!,,,0.00,,,,,
,,,#REF!,#REF!,#REF!,#REF!,#REF!,,,0.00,,,,,
,,,#REF!,#REF!,#REF!,#REF!,#REF!,,,0.00,,,,,
,,,#REF!,#REF!,#REF!,#REF!,#REF!,,,0.00,,,,,
,,,#REF!,#REF!,#REF!,#REF!,#REF!,,,0.00,,,,,
,,,#REF!,#REF!,#REF!,#REF!,#REF!,,,0.00,,,,,
,,,#REF!,#REF!,#REF!,#REF!,#REF!,,,0.00,,,,,
,,,#REF!,#REF!,#REF!,#REF!,#REF!,,,0.00,,,,,
,,,#REF!,#REF!,#REF!,#REF!,#REF!,,,0.00,,,,,
,,,#REF!,#REF!,#REF!,#REF!,#REF!,,,0.00,,,,,
,,,#REF!,#REF!,#REF!,#REF!,#REF!,,,0.00,,,,,
,,,#REF!,#REF!,#REF!,#REF!,#REF!,,,0.00,,,,,
,,,#REF!,#REF!,#REF!,#REF!,#REF!,,,0.00,,,,,
,,,#REF!,#REF!,#REF!,#REF!,#REF!,,,0.00,,,,,
,,,#REF!,#REF!,#REF!,#REF!,#REF!,,,0.00,,,,,
,,,#REF!,#REF!,#REF!,#REF!,#REF!,,,0.00,,,,,
,,,#REF!,#REF!,#REF!,#REF!,#REF!,,,0.00,,,,,
,,,#REF!,#REF!,#REF!,#REF!,#REF!,,,0.00,,,,,
,,,#REF!,#REF!,#REF!,#REF!,#REF!,,,0.00,,,,,
,,,#REF!,#REF!,#REF!,#REF!,#REF!,,,0.00,,,,,
,,,#REF!,#REF!,#REF!,#REF!,#REF!,,,0.00,,,,,
,,,#REF!,#REF!,#REF!,#REF!,#REF!,,,0.00,,,,,
,,,#REF!,#REF!,#REF!,#REF!,#REF!,,,0.00,,,,,
,,,#REF!,#REF!,#REF!,#REF!,#REF!,,,0.00,,,,,
,,,#REF!,#REF!,#REF!,#REF!,#REF!,,,0.00,,,,,
,,,#REF!,#REF!,#REF!,#REF!,#REF!,,,0.00,,,,,
,,,#REF!,#REF!,#REF!,#REF!,#REF!,,,0.00,,,,,
,,,#REF!,#REF!,#REF!,#REF!,#REF!,,,0.00,,,,,
,,,#REF!,#REF!,#REF!,#REF!,#REF!,,,0.00,,,,,
,,,#REF!,#REF!,#REF!,#REF!,#REF!,,,0.00,,,,,
,,,#REF!,#REF!,#REF!,#REF!,#REF!,,,0.00,,,,,
,,,#REF!,#REF!,#REF!,#REF!,#REF!,,,0.00,,,,,
,,,#REF!,#REF!,#REF!,#REF!,#REF!,,,0.00,,,,,
,,,#REF!,#REF!,#REF!,#REF!,#REF!,,,0.00,,,,,
,,,#REF!,#REF!,#REF!,#REF!,#REF!,,,0.00,,,,,
,,,#REF!,#REF!,#REF!,#REF!,#REF!,,,0.00,,,,,
,,,#REF!,#REF!,#REF!,#REF!,#REF!,,,0.00,,,,,
,,,#REF!,#REF!,#REF!,#REF!,#REF!,,,0.00,,,,,
,,,#REF!,#REF!,#REF!,#REF!,#REF!,,,0.00,,,,,
,,,#REF!,#REF!,#REF!,#REF!,#REF!,,,0.00,,,,,
,,,#REF!,#REF!,#REF!,#REF!,#REF!,,,0.00,,,,,
,,,#REF!,#REF!,#REF!,#REF!,#REF!,,,0.00,,,,,
,,,#REF!,#REF!,#REF!,#REF!,#REF!,,,0.00,,,,,
,,,#REF!,#REF!,#REF!,#REF!,#REF!,,,0.00,,,,,
,,,#REF!,#REF!,#REF!,#REF!,#REF!,,,0.00,,,,,
,,,#REF!,#REF!,#REF!,#REF!,#REF!,,,0.00,,,,,
,,,#REF!,#REF!,#REF!,#REF!,#REF!,,,0.00,,,,,
,,,#REF!,#REF!,#REF!,#REF!,#REF!,,,0.00,,,,,
,,,#REF!,#REF!,#REF!,#REF!,#REF!,,,0.00,,,,,
,,,#REF!,#REF!,#REF!,#REF!,#REF!,,,0.00,,,,,
,,,#REF!,#REF!,#REF!,#REF!,#REF!,,,0.00,,,,,
,,,#REF!,#REF!,#REF!,#REF!,#REF!,,,0.00,,,,,
,,,#REF!,#REF!,#REF!,#REF!,#REF!,,,0.00,,,,,
,,,#REF!,#REF!,#REF!,#REF!,#REF!,,,0.00,,,,,
,,,#REF!,#REF!,#REF!,#REF!,#REF!,,,0.00,,,,,
,,,#REF!,#REF!,#REF!,#REF!,#REF!,,,0.00,,,,,
,,,#REF!,#REF!,#REF!,#REF!,#REF!,,,0.00,,,,,
,,,#REF!,#REF!,#REF!,#REF!,#REF!,,,0.00,,,,,
,,,#REF!,#REF!,#REF!,#REF!,#REF!,,,0.00,,,,,
,,,#REF!,#REF!,#REF!,#REF!,#REF!,,,0.00,,,,,
,,,#REF!,#REF!,#REF!,#REF!,#REF!,,,0.00,,,,,
,,,#REF!,#REF!,#REF!,#REF!,#REF!,,,0.00,,,,,
,,,#REF!,#REF!,#REF!,#REF!,#REF!,,,0.00,,,,,
,,,#REF!,#REF!,#REF!,#REF!,#REF!,,,0.00,,,,,
,,,#REF!,#REF!,#REF!,#REF!,#REF!,,,0.00,,,,,
,,,#REF!,#REF!,#REF!,#REF!,#REF!,,,0.00,,,,,
,,,#REF!,#REF!,#REF!,#REF!,#REF!,,,0.00,,,,,
,,,#REF!,#REF!,#REF!,#REF!,#REF!,,,0.00,,,,,
,,,#REF!,#REF!,#REF!,#REF!,#REF!,,,0.00,,,,,
,,,#REF!,#REF!,#REF!,#REF!,#REF!,,,0.00,,,,,
,,,#REF!,#REF!,#REF!,#REF!,#REF!,,,0.00,,,,,
,,,#REF!,#REF!,#REF!,#REF!,#REF!,,,0.00,,,,,
,,,#REF!,#REF!,#REF!,#REF!,#REF!,,,0.00,,,,,
,,,#REF!,#REF!,#REF!,#REF!,#REF!,,,0.00,,,,,
,,,#REF!,#REF!,#REF!,#REF!,#REF!,,,0.00,,,,,
,,,#REF!,#REF!,#REF!,#REF!,#REF!,,,0.00,,,,,
,,,#REF!,#REF!,#REF!,#REF!,#REF!,,,0.00,,,,,
,,,#REF!,#REF!,#REF!,#REF!,#REF!,,,0.00,,,,,
,,,#REF!,#REF!,#REF!,#REF!,#REF!,,,0.00,,,,,
,,,#REF!,#REF!,#REF!,#REF!,#REF!,,,0.00,,,,,
,,,#REF!,#REF!,#REF!,#REF!,#REF!,,,0.00,,,,,
,,,#REF!,#REF!,#REF!,#REF!,#REF!,,,0.00,,,,,
,,,#REF!,#REF!,#REF!,#REF!,#REF!,,,0.00,,,,,
,,,#REF!,#REF!,#REF!,#REF!,#REF!,,,0.00,,,,,
,,,#REF!,#REF!,#REF!,#REF!,#REF!,,,0.00,,,,,
,,,#REF!,#REF!,#REF!,#REF!,#REF!,,,0.00,,,,,
,,,#REF!,#REF!,#REF!,#REF!,#REF!,,,0.00,,,,,
,,,#REF!,#REF!,#REF!,#REF!,#REF!,,,0.00,,,,,
,,,#REF!,#REF!,#REF!,#REF!,#REF!,,,0.00,,,,,
,,,#REF!,#REF!,#REF!,#REF!,#REF!,,,0.00,,,,,
,,,#REF!,#REF!,#REF!,#REF!,#REF!,,,0.00,,,,,
,,,#REF!,#REF!,#REF!,#REF!,#REF!,,,0.00,,,,,
,,,#REF!,#REF!,#REF!,#REF!,#REF!,,,0.00,,,,,
,,,#REF!,#REF!,#REF!,#REF!,#REF!,,,0.00,,,,,
,,,#REF!,#REF!,#REF!,#REF!,#REF!,,,0.00,,,,,
,,,#REF!,#REF!,#REF!,#REF!,#REF!,,,0.00,,,,,
,,,#REF!,#REF!,#REF!,#REF!,#REF!,,,0.00,,,,,
,,,#REF!,#REF!,#REF!,#REF!,#REF!,,,0.00,,,,,
,,,#REF!,#REF!,#REF!,#REF!,#REF!,,,0.00,,,,,
,,,#REF!,#REF!,#REF!,#REF!,#REF!,,,0.00,,,,,
,,,#REF!,#REF!,#REF!,#REF!,#REF!,,,0.00,,,,,
,,,#REF!,#REF!,#REF!,#REF!,#REF!,,,0.00,,,,,
,,,#REF!,#REF!,#REF!,#REF!,#REF!,,,0.00,,,,,
,,,#REF!,#REF!,#REF!,#REF!,#REF!,,,0.00,,,,,
,,,#REF!,#REF!,#REF!,#REF!,#REF!,,,0.00,,,,,
,,,#REF!,#REF!,#REF!,#REF!,#REF!,,,0.00,,,,,
,,,#REF!,#REF!,#REF!,#REF!,#REF!,,,0.00,,,,,
,,,#REF!,#REF!,#REF!,#REF!,#REF!,,,0.00,,,,,
,,,#REF!,#REF!,#REF!,#REF!,#REF!,,,0.00,,,,,
,,,#REF!,#REF!,#REF!,#REF!,#REF!,,,0.00,,,,,
,,,#REF!,#REF!,#REF!,#REF!,#REF!,,,0.00,,,,,
,,,#REF!,#REF!,#REF!,#REF!,#REF!,,,0.00,,,,,
,,,#REF!,#REF!,#REF!,#REF!,#REF!,,,0.00,,,,,
,,,#REF!,#REF!,#REF!,#REF!,#REF!,,,0.00,,,,,
,,,#REF!,#REF!,#REF!,#REF!,#REF!,,,0.00,,,,,
,,,#REF!,#REF!,#REF!,#REF!,#REF!,,,0.00,,,,,
,,,#REF!,#REF!,#REF!,#REF!,#REF!,,,0.00,,,,,
,,,#REF!,#REF!,#REF!,#REF!,#REF!,,,0.00,,,,,
,,,#REF!,#REF!,#REF!,#REF!,#REF!,,,0.00,,,,,
,,,#REF!,#REF!,#REF!,#REF!,#REF!,,,0.00,,,,,
,,,#REF!,#REF!,#REF!,#REF!,#REF!,,,0.00,,,,,
,,,#REF!,#REF!,#REF!,#REF!,#REF!,,,0.00,,,,,
,,,#REF!,#REF!,#REF!,#REF!,#REF!,,,0.00,,,,,
,,,#REF!,#REF!,#REF!,#REF!,#REF!,,,0.00,,,,,
,,,#REF!,#REF!,#REF!,#REF!,#REF!,,,0.00,,,,,
,,,#REF!,#REF!,#REF!,#REF!,#REF!,,,0.00,,,,,
,,,#REF!,#REF!,#REF!,#REF!,#REF!,,,0.00,,,,,
,,,#REF!,#REF!,#REF!,#REF!,#REF!,,,0.00,,,,,
,,,#REF!,#REF!,#REF!,#REF!,#REF!,,,0.00,,,,,
,,,#REF!,#REF!,#REF!,#REF!,#REF!,,,0.00,,,,,
,,,#REF!,#REF!,#REF!,#REF!,#REF!,,,0.00,,,,,
,,,#REF!,#REF!,#REF!,#REF!,#REF!,,,0.00,,,,,
,,,#REF!,#REF!,#REF!,#REF!,#REF!,,,0.00,,,,,
,,,#REF!,#REF!,#REF!,#REF!,#REF!,,,0.00,,,,,
,,,#REF!,#REF!,#REF!,#REF!,#REF!,,,0.00,,,,,
,,,#REF!,#REF!,#REF!,#REF!,#REF!,,,0.00,,,,,
,,,#REF!,#REF!,#REF!,#REF!,#REF!,,,0.00,,,,,
,,,#REF!,#REF!,#REF!,#REF!,#REF!,,,0.00,,,,,
,,,#REF!,#REF!,#REF!,#REF!,#REF!,,,0.00,,,,,
,,,#REF!,#REF!,#REF!,#REF!,#REF!,,,0.00,,,,,
,,,#REF!,#REF!,#REF!,#REF!,#REF!,,,0.00,,,,,
,,,#REF!,#REF!,#REF!,#REF!,#REF!,,,0.00,,,,,
,,,#REF!,#REF!,#REF!,#REF!,#REF!,,,0.00,,,,,
,,,#REF!,#REF!,#REF!,#REF!,#REF!,,,0.00,,,,,
,,,#REF!,#REF!,#REF!,#REF!,#REF!,,,0.00,,,,,
,,,#REF!,#REF!,#REF!,#REF!,#REF!,,,0.00,,,,,
,,,#REF!,#REF!,#REF!,#REF!,#REF!,,,0.00,,,,,
,,,#REF!,#REF!,#REF!,#REF!,#REF!,,,0.00,,,,,
,,,#REF!,#REF!,#REF!,#REF!,#REF!,,,0.00,,,,,
,,,#REF!,#REF!,#REF!,#REF!,#REF!,,,0.00,,,,,
,,,#REF!,#REF!,#REF!,#REF!,#REF!,,,0.00,,,,,
,,,#REF!,#REF!,#REF!,#REF!,#REF!,,,0.00,,,,,
,,,#REF!,#REF!,#REF!,#REF!,#REF!,,,0.00,,,,,
,,,#REF!,#REF!,#REF!,#REF!,#REF!,,,0.00,,,,,
,,,#REF!,#REF!,#REF!,#REF!,#REF!,,,0.00,,,,,
,,,#REF!,#REF!,#REF!,#REF!,#REF!,,,0.00,,,,,
,,,#REF!,#REF!,#REF!,#REF!,#REF!,,,0.00,,,,,
,,,#REF!,#REF!,#REF!,#REF!,#REF!,,,0.00,,,,,
,,,#REF!,#REF!,#REF!,#REF!,#REF!,,,0.00,,,,,
,,,#REF!,#REF!,#REF!,#REF!,#REF!,,,0.00,,,,,
,,,#REF!,#REF!,#REF!,#REF!,#REF!,,,0.00,,,,,
,,,#REF!,#REF!,#REF!,#REF!,#REF!,,,0.00,,,,,
,,,#REF!,#REF!,#REF!,#REF!,#REF!,,,0.00,,,,,
,,,#REF!,#REF!,#REF!,#REF!,#REF!,,,0.00,,,,,
,,,#REF!,#REF!,#REF!,#REF!,#REF!,,,0.00,,,,,
,,,#REF!,#REF!,#REF!,#REF!,#REF!,,,0.00,,,,,
,,,#REF!,#REF!,#REF!,#REF!,#REF!,,,0.00,,,,,
,,,#REF!,#REF!,#REF!,#REF!,#REF!,,,0.00,,,,,
,,,#REF!,#REF!,#REF!,#REF!,#REF!,,,0.00,,,,,
,,,#REF!,#REF!,#REF!,#REF!,#REF!,,,0.00,,,,,
,,,#REF!,#REF!,#REF!,#REF!,#REF!,,,0.00,,,,,
,,,#REF!,#REF!,#REF!,#REF!,#REF!,,,0.00,,,,,
,,,#REF!,#REF!,#REF!,#REF!,#REF!,,,0.00,,,,,
,,,#REF!,#REF!,#REF!,#REF!,#REF!,,,0.00,,,,,
,,,#REF!,#REF!,#REF!,#REF!,#REF!,,,0.00,,,,,
,,,#REF!,#REF!,#REF!,#REF!,#REF!,,,0.00,,,,,
,,,#REF!,#REF!,#REF!,#REF!,#REF!,,,0.00,,,,,
,,,#REF!,#REF!,#REF!,#REF!,#REF!,,,0.00,,,,,
,,,#REF!,#REF!,#REF!,#REF!,#REF!,,,0.00,,,,,
,,,#REF!,#REF!,#REF!,#REF!,#REF!,,,0.00,,,,,
,,,#REF!,#REF!,#REF!,#REF!,#REF!,,,0.00,,,,,
,,,#REF!,#REF!,#REF!,#REF!,#REF!,,,0.00,,,,,
,,,#REF!,#REF!,#REF!,#REF!,#REF!,,,0.00,,,,,
,,,#REF!,#REF!,#REF!,#REF!,#REF!,,,0.00,,,,,
,,,#REF!,#REF!,#REF!,#REF!,#REF!,,,0.00,,,,,
,,,#REF!,#REF!,#REF!,#REF!,#REF!,,,0.00,,,,,
,,,#REF!,#REF!,#REF!,#REF!,#REF!,,,0.00,,,,,
,,,#REF!,#REF!,#REF!,#REF!,#REF!,,,0.00,,,,,
,,,#REF!,#REF!,#REF!,#REF!,#REF!,,,0.00,,,,,
,,,#REF!,#REF!,#REF!,#REF!,#REF!,,,0.00,,,,,
,,,#REF!,#REF!,#REF!,#REF!,#REF!,,,0.00,,,,,
,,,#REF!,#REF!,#REF!,#REF!,#REF!,,,0.00,,,,,
,,,#REF!,#REF!,#REF!,#REF!,#REF!,,,0.00,,,,,
,,,#REF!,#REF!,#REF!,#REF!,#REF!,,,0.00,,,,,
,,,#REF!,#REF!,#REF!,#REF!,#REF!,,,0.00,,,,,
,,,#REF!,#REF!,#REF!,#REF!,#REF!,,,0.00,,,,,
,,,#REF!,#REF!,#REF!,#REF!,#REF!,,,0.00,,,,,
,,,#REF!,#REF!,#REF!,#REF!,#REF!,,,0.00,,,,,
,,,#REF!,#REF!,#REF!,#REF!,#REF!,,,0.00,,,,,
,,,#REF!,#REF!,#REF!,#REF!,#REF!,,,0.00,,,,,
,,,#REF!,#REF!,#REF!,#REF!,#REF!,,,0.00,,,,,
,,,#REF!,#REF!,#REF!,#REF!,#REF!,,,0.00,,,,,
,,,#REF!,#REF!,#REF!,#REF!,#REF!,,,0.00,,,,,
,,,#REF!,#REF!,#REF!,#REF!,#REF!,,,0.00,,,,,
,,,#REF!,#REF!,#REF!,#REF!,#REF!,,,0.00,,,,,
,,,#REF!,#REF!,#REF!,#REF!,#REF!,,,0.00,,,,,
,,,#REF!,#REF!,#REF!,#REF!,#REF!,,,0.00,,,,,
,,,#REF!,#REF!,#REF!,#REF!,#REF!,,,0.00,,,,,
,,,#REF!,#REF!,#REF!,#REF!,#REF!,,,0.00,,,,,
,,,#REF!,#REF!,#REF!,#REF!,#REF!,,,0.00,,,,,
,,,#REF!,#REF!,#REF!,#REF!,#REF!,,,0.00,,,,,
,,,#REF!,#REF!,#REF!,#REF!,#REF!,,,0.00,,,,,
,,,#REF!,#REF!,#REF!,#REF!,#REF!,,,0.00,,,,,
,,,#REF!,#REF!,#REF!,#REF!,#REF!,,,0.00,,,,,
,,,#REF!,#REF!,#REF!,#REF!,#REF!,,,0.00,,,,,
,,,#REF!,#REF!,#REF!,#REF!,#REF!,,,0.00,,,,,
,,,#REF!,#REF!,#REF!,#REF!,#REF!,,,0.00,,,,,
,,,#REF!,#REF!,#REF!,#REF!,#REF!,,,0.00,,,,,
,,,#REF!,#REF!,#REF!,#REF!,#REF!,,,0.00,,,,,
,,,#REF!,#REF!,#REF!,#REF!,#REF!,,,0.00,,,,,
,,,#REF!,#REF!,#REF!,#REF!,#REF!,,,0.00,,,,,
,,,#REF!,#REF!,#REF!,#REF!,#REF!,,,0.00,,,,,
,,,#REF!,#REF!,#REF!,#REF!,#REF!,,,0.00,,,,,
,,,#REF!,#REF!,#REF!,#REF!,#REF!,,,0.00,,,,,
,,,#REF!,#REF!,#REF!,#REF!,#REF!,,,0.00,,,,,
,,,#REF!,#REF!,#REF!,#REF!,#REF!,,,0.00,,,,,
,,,#REF!,#REF!,#REF!,#REF!,#REF!,,,0.00,,,,,
,,,#REF!,#REF!,#REF!,#REF!,#REF!,,,0.00,,,,,
,,,#REF!,#REF!,#REF!,#REF!,#REF!,,,0.00,,,,,
,,,#REF!,#REF!,#REF!,#REF!,#REF!,,,0.00,,,,,
,,,#REF!,#REF!,#REF!,#REF!,#REF!,,,0.00,,,,,
,,,#REF!,#REF!,#REF!,#REF!,#REF!,,,0.00,,,,,
,,,#REF!,#REF!,#REF!,#REF!,#REF!,,,0.00,,,,,
,,,#REF!,#REF!,#REF!,#REF!,#REF!,,,0.00,,,,,
,,,#REF!,#REF!,#REF!,#REF!,#REF!,,,0.00,,,,,
,,,#REF!,#REF!,#REF!,#REF!,#REF!,,,0.00,,,,,
,,,#REF!,#REF!,#REF!,#REF!,#REF!,,,0.00,,,,,
,,,#REF!,#REF!,#REF!,#REF!,#REF!,,,0.00,,,,,
,,,#REF!,#REF!,#REF!,#REF!,#REF!,,,0.00,,,,,
,,,#REF!,#REF!,#REF!,#REF!,#REF!,,,0.00,,,,,
,,,#REF!,#REF!,#REF!,#REF!,#REF!,,,0.00,,,,,
,,,#REF!,#REF!,#REF!,#REF!,#REF!,,,0.00,,,,,
,,,#REF!,#REF!,#REF!,#REF!,#REF!,,,0.00,,,,,
,,,#REF!,#REF!,#REF!,#REF!,#REF!,,,0.00,,,,,
,,,#REF!,#REF!,#REF!,#REF!,#REF!,,,0.00,,,,,
,,,#REF!,#REF!,#REF!,#REF!,#REF!,,,0.00,,,,,
,,,#REF!,#REF!,#REF!,#REF!,#REF!,,,0.00,,,,,
,,,#REF!,#REF!,#REF!,#REF!,#REF!,,,0.00,,,,,
,,,#REF!,#REF!,#REF!,#REF!,#REF!,,,0.00,,,,,
,,,#REF!,#REF!,#REF!,#REF!,#REF!,,,0.00,,,,,
,,,#REF!,#REF!,#REF!,#REF!,#REF!,,,0.00,,,,,
,,,#REF!,#REF!,#REF!,#REF!,#REF!,,,0.00,,,,,
,,,#REF!,#REF!,#REF!,#REF!,#REF!,,,0.00,,,,,
,,,#REF!,#REF!,#REF!,#REF!,#REF!,,,0.00,,,,,
,,,#REF!,#REF!,#REF!,#REF!,#REF!,,,0.00,,,,,
,,,#REF!,#REF!,#REF!,#REF!,#REF!,,,0.00,,,,,
,,,#REF!,#REF!,#REF!,#REF!,#REF!,,,0.00,,,,,
,,,#REF!,#REF!,#REF!,#REF!,#REF!,,,0.00,,,,,
,,,#REF!,#REF!,#REF!,#REF!,#REF!,,,0.00,,,,,
,,,#REF!,#REF!,#REF!,#REF!,#REF!,,,0.00,,,,,
,,,#REF!,#REF!,#REF!,#REF!,#REF!,,,0.00,,,,,
,,,#REF!,#REF!,#REF!,#REF!,#REF!,,,0.00,,,,,
,,,#REF!,#REF!,#REF!,#REF!,#REF!,,,0.00,,,,,
,,,#REF!,#REF!,#REF!,#REF!,#REF!,,,0.00,,,,,
,,,#REF!,#REF!,#REF!,#REF!,#REF!,,,0.00,,,,,
,,,#REF!,#REF!,#REF!,#REF!,#REF!,,,0.00,,,,,
,,,#REF!,#REF!,#REF!,#REF!,#REF!,,,0.00,,,,,
,,,#REF!,#REF!,#REF!,#REF!,#REF!,,,0.00,,,,,
,,,#REF!,#REF!,#REF!,#REF!,#REF!,,,0.00,,,,,
,,,#REF!,#REF!,#REF!,#REF!,#REF!,,,0.00,,,,,
,,,#REF!,#REF!,#REF!,#REF!,#REF!,,,0.00,,,,,
,,,#REF!,#REF!,#REF!,#REF!,#REF!,,,0.00,,,,,
,,,#REF!,#REF!,#REF!,#REF!,#REF!,,,0.00,,,,,
,,,#REF!,#REF!,#REF!,#REF!,#REF!,,,0.00,,,,,
,,,#REF!,#REF!,#REF!,#REF!,#REF!,,,0.00,,,,,
,,,#REF!,#REF!,#REF!,#REF!,#REF!,,,0.00,,,,,
,,,#REF!,#REF!,#REF!,#REF!,#REF!,,,0.00,,,,,
,,,#REF!,#REF!,#REF!,#REF!,#REF!,,,0.00,,,,,
,,,#REF!,#REF!,#REF!,#REF!,#REF!,,,0.00,,,,,
,,,#REF!,#REF!,#REF!,#REF!,#REF!,,,0.00,,,,,
,,,#REF!,#REF!,#REF!,#REF!,#REF!,,,0.00,,,,,
,,,#REF!,#REF!,#REF!,#REF!,#REF!,,,0.00,,,,,
,,,#REF!,#REF!,#REF!,#REF!,#REF!,,,0.00,,,,,
,,,#REF!,#REF!,#REF!,#REF!,#REF!,,,0.00,,,,,
,,,#REF!,#REF!,#REF!,#REF!,#REF!,,,0.00,,,,,
,,,#REF!,#REF!,#REF!,#REF!,#REF!,,,0.00,,,,,
,,,#REF!,#REF!,#REF!,#REF!,#REF!,,,0.00,,,,,
,,,#REF!,#REF!,#REF!,#REF!,#REF!,,,0.00,,,,,
,,,#REF!,#REF!,#REF!,#REF!,#REF!,,,0.00,,,,,
,,,#REF!,#REF!,#REF!,#REF!,#REF!,,,0.00,,,,,
,,,#REF!,#REF!,#REF!,#REF!,#REF!,,,0.00,,,,,
,,,#REF!,#REF!,#REF!,#REF!,#REF!,,,0.00,,,,,
,,,#REF!,#REF!,#REF!,#REF!,#REF!,,,0.00,,,,,
,,,#REF!,#REF!,#REF!,#REF!,#REF!,,,0.00,,,,,
,,,#REF!,#REF!,#REF!,#REF!,#REF!,,,0.00,,,,,
,,,#REF!,#REF!,#REF!,#REF!,#REF!,,,0.00,,,,,
,,,#REF!,#REF!,#REF!,#REF!,#REF!,,,0.00,,,,,
,,,#REF!,#REF!,#REF!,#REF!,#REF!,,,0.00,,,,,
,,,#REF!,#REF!,#REF!,#REF!,#REF!,,,0.00,,,,,
,,,#REF!,#REF!,#REF!,#REF!,#REF!,,,0.00,,,,,
,,,#REF!,#REF!,#REF!,#REF!,#REF!,,,0.00,,,,,
,,,#REF!,#REF!,#REF!,#REF!,#REF!,,,0.00,,,,,
,,,#REF!,#REF!,#REF!,#REF!,#REF!,,,0.00,,,,,
,,,#REF!,#REF!,#REF!,#REF!,#REF!,,,0.00,,,,,
,,,#REF!,#REF!,#REF!,#REF!,#REF!,,,0.00,,,,,
,,,#REF!,#REF!,#REF!,#REF!,#REF!,,,0.00,,,,,
,,,#REF!,#REF!,#REF!,#REF!,#REF!,,,0.00,,,,,
,,,#REF!,#REF!,#REF!,#REF!,#REF!,,,0.00,,,,,
,,,#REF!,#REF!,#REF!,#REF!,#REF!,,,0.00,,,,,
,,,#REF!,#REF!,#REF!,#REF!,#REF!,,,0.00,,,,,
,,,#REF!,#REF!,#REF!,#REF!,#REF!,,,0.00,,,,,
,,,#REF!,#REF!,#REF!,#REF!,#REF!,,,0.00,,,,,
,,,#REF!,#REF!,#REF!,#REF!,#REF!,,,0.00,,,,,
,,,#REF!,#REF!,#REF!,#REF!,#REF!,,,0.00,,,,,
,,,#REF!,#REF!,#REF!,#REF!,#REF!,,,0.00,,,,,
,,,#REF!,#REF!,#REF!,#REF!,#REF!,,,0.00,,,,,
,,,#REF!,#REF!,#REF!,#REF!,#REF!,,,0.00,,,,,
,,,#REF!,#REF!,#REF!,#REF!,#REF!,,,0.00,,,,,
,,,#REF!,#REF!,#REF!,#REF!,#REF!,,,0.00,,,,,
,,,#REF!,#REF!,#REF!,#REF!,#REF!,,,0.00,,,,,
,,,#REF!,#REF!,#REF!,#REF!,#REF!,,,0.00,,,,,
,,,#REF!,#REF!,#REF!,#REF!,#REF!,,,0.00,,,,,
,,,#REF!,#REF!,#REF!,#REF!,#REF!,,,0.00,,,,,
,,,#REF!,#REF!,#REF!,#REF!,#REF!,,,0.00,,,,,
,,,#REF!,#REF!,#REF!,#REF!,#REF!,,,0.00,,,,,
,,,#REF!,#REF!,#REF!,#REF!,#REF!,,,0.00,,,,,
,,,#REF!,#REF!,#REF!,#REF!,#REF!,,,0.00,,,,,
,,,#REF!,#REF!,#REF!,#REF!,#REF!,,,0.00,,,,,
,,,#REF!,#REF!,#REF!,#REF!,#REF!,,,0.00,,,,,
,,,#REF!,#REF!,#REF!,#REF!,#REF!,,,0.00,,,,,
,,,#REF!,#REF!,#REF!,#REF!,#REF!,,,0.00,,,,,
,,,#REF!,#REF!,#REF!,#REF!,#REF!,,,0.00,,,,,
,,,#REF!,#REF!,#REF!,#REF!,#REF!,,,0.00,,,,,
,,,#REF!,#REF!,#REF!,#REF!,#REF!,,,0.00,,,,,
,,,#REF!,#REF!,#REF!,#REF!,#REF!,,,0.00,,,,,
,,,#REF!,#REF!,#REF!,#REF!,#REF!,,,0.00,,,,,
,,,#REF!,#REF!,#REF!,#REF!,#REF!,,,0.00,,,,,
,,,#REF!,#REF!,#REF!,#REF!,#REF!,,,0.00,,,,,
,,,#REF!,#REF!,#REF!,#REF!,#REF!,,,0.00,,,,,
,,,#REF!,#REF!,#REF!,#REF!,#REF!,,,0.00,,,,,
,,,#REF!,#REF!,#REF!,#REF!,#REF!,,,0.00,,,,,
,,,#REF!,#REF!,#REF!,#REF!,#REF!,,,0.00,,,,,
,,,#REF!,#REF!,#REF!,#REF!,#REF!,,,0.00,,,,,
,,,#REF!,#REF!,#REF!,#REF!,#REF!,,,0.00,,,,,
,,,#REF!,#REF!,#REF!,#REF!,#REF!,,,0.00,,,,,
,,,#REF!,#REF!,#REF!,#REF!,#REF!,,,0.00,,,,,
,,,#REF!,#REF!,#REF!,#REF!,#REF!,,,0.00,,,,,
,,,#REF!,#REF!,#REF!,#REF!,#REF!,,,0.00,,,,,
,,,#REF!,#REF!,#REF!,#REF!,#REF!,,,0.00,,,,,
,,,#REF!,#REF!,#REF!,#REF!,#REF!,,,0.00,,,,,
,,,#REF!,#REF!,#REF!,#REF!,#REF!,,,0.00,,,,,
,,,#REF!,#REF!,#REF!,#REF!,#REF!,,,0.00,,,,,
,,,#REF!,#REF!,#REF!,#REF!,#REF!,,,0.00,,,,,
,,,#REF!,#REF!,#REF!,#REF!,#REF!,,,0.00,,,,,
,,,#REF!,#REF!,#REF!,#REF!,#REF!,,,0.00,,,,,
,,,#REF!,#REF!,#REF!,#REF!,#REF!,,,0.00,,,,,
,,,#REF!,#REF!,#REF!,#REF!,#REF!,,,0.00,,,,,
,,,#REF!,#REF!,#REF!,#REF!,#REF!,,,0.00,,,,,
,,,#REF!,#REF!,#REF!,#REF!,#REF!,,,0.00,,,,,
,,,#REF!,#REF!,#REF!,#REF!,#REF!,,,0.00,,,,,
,,,#REF!,#REF!,#REF!,#REF!,#REF!,,,0.00,,,,,
,,,#REF!,#REF!,#REF!,#REF!,#REF!,,,0.00,,,,,
,,,#REF!,#REF!,#REF!,#REF!,#REF!,,,0.00,,,,,
,,,#REF!,#REF!,#REF!,#REF!,#REF!,,,0.00,,,,,
,,,#REF!,#REF!,#REF!,#REF!,#REF!,,,0.00,,,,,
,,,#REF!,#REF!,#REF!,#REF!,#REF!,,,0.00,,,,,
,,,#REF!,#REF!,#REF!,#REF!,#REF!,,,0.00,,,,,
,,,#REF!,#REF!,#REF!,#REF!,#REF!,,,0.00,,,,,
,,,#REF!,#REF!,#REF!,#REF!,#REF!,,,0.00,,,,,
,,,#REF!,#REF!,#REF!,#REF!,#REF!,,,0.00,,,,,
,,,#REF!,#REF!,#REF!,#REF!,#REF!,,,0.00,,,,,
,,,#REF!,#REF!,#REF!,#REF!,#REF!,,,0.00,,,,,
,,,#REF!,#REF!,#REF!,#REF!,#REF!,,,0.00,,,,,
,,,#REF!,#REF!,#REF!,#REF!,#REF!,,,0.00,,,,,
,,,#REF!,#REF!,#REF!,#REF!,#REF!,,,0.00,,,,,
,,,#REF!,#REF!,#REF!,#REF!,#REF!,,,0.00,,,,,
,,,#REF!,#REF!,#REF!,#REF!,#REF!,,,0.00,,,,,
,,,#REF!,#REF!,#REF!,#REF!,#REF!,,,0.00,,,,,
,,,#REF!,#REF!,#REF!,#REF!,#REF!,,,0.00,,,,,
,,,#REF!,#REF!,#REF!,#REF!,#REF!,,,0.00,,,,,
,,,#REF!,#REF!,#REF!,#REF!,#REF!,,,0.00,,,,,
,,,#REF!,#REF!,#REF!,#REF!,#REF!,,,0.00,,,,,
,,,#REF!,#REF!,#REF!,#REF!,#REF!,,,0.00,,,,,
,,,#REF!,#REF!,#REF!,#REF!,#REF!,,,0.00,,,,,
,,,#REF!,#REF!,#REF!,#REF!,#REF!,,,0.00,,,,,
,,,#REF!,#REF!,#REF!,#REF!,#REF!,,,0.00,,,,,
,,,#REF!,#REF!,#REF!,#REF!,#REF!,,,0.00,,,,,
,,,#REF!,#REF!,#REF!,#REF!,#REF!,,,0.00,,,,,
,,,#REF!,#REF!,#REF!,#REF!,#REF!,,,0.00,,,,,
,,,#REF!,#REF!,#REF!,#REF!,#REF!,,,0.00,,,,,
,,,#REF!,#REF!,#REF!,#REF!,#REF!,,,0.00,,,,,
,,,#REF!,#REF!,#REF!,#REF!,#REF!,,,0.00,,,,,
,,,#REF!,#REF!,#REF!,#REF!,#REF!,,,0.00,,,,,
,,,#REF!,#REF!,#REF!,#REF!,#REF!,,,0.00,,,,,
,,,#REF!,#REF!,#REF!,#REF!,#REF!,,,0.00,,,,,
,,,#REF!,#REF!,#REF!,#REF!,#REF!,,,0.00,,,,,
,,,#REF!,#REF!,#REF!,#REF!,#REF!,,,0.00,,,,,
,,,#REF!,#REF!,#REF!,#REF!,#REF!,,,0.00,,,,,
,,,#REF!,#REF!,#REF!,#REF!,#REF!,,,0.00,,,,,
,,,#REF!,#REF!,#REF!,#REF!,#REF!,,,0.00,,,,,
,,,#REF!,#REF!,#REF!,#REF!,#REF!,,,0.00,,,,,
,,,#REF!,#REF!,#REF!,#REF!,#REF!,,,0.00,,,,,
,,,#REF!,#REF!,#REF!,#REF!,#REF!,,,0.00,,,,,
,,,#REF!,#REF!,#REF!,#REF!,#REF!,,,0.00,,,,,
,,,#REF!,#REF!,#REF!,#REF!,#REF!,,,0.00,,,,,
,,,#REF!,#REF!,#REF!,#REF!,#REF!,,,0.00,,,,,
,,,#REF!,#REF!,#REF!,#REF!,#REF!,,,0.00,,,,,
,,,#REF!,#REF!,#REF!,#REF!,#REF!,,,0.00,,,,,
,,,#REF!,#REF!,#REF!,#REF!,#REF!,,,0.00,,,,,
,,,#REF!,#REF!,#REF!,#REF!,#REF!,,,0.00,,,,,
,,,#REF!,#REF!,#REF!,#REF!,#REF!,,,0.00,,,,,
,,,#REF!,#REF!,#REF!,#REF!,#REF!,,,0.00,,,,,
,,,#REF!,#REF!,#REF!,#REF!,#REF!,,,0.00,,,,,
,,,#REF!,#REF!,#REF!,#REF!,#REF!,,,0.00,,,,,
,,,#REF!,#REF!,#REF!,#REF!,#REF!,,,0.00,,,,,
,,,#REF!,#REF!,#REF!,#REF!,#REF!,,,0.00,,,,,
,,,#REF!,#REF!,#REF!,#REF!,#REF!,,,0.00,,,,,
,,,#REF!,#REF!,#REF!,#REF!,#REF!,,,0.00,,,,,
,,,#REF!,#REF!,#REF!,#REF!,#REF!,,,0.00,,,,,
,,,#REF!,#REF!,#REF!,#REF!,#REF!,,,0.00,,,,,
,,,#REF!,#REF!,#REF!,#REF!,#REF!,,,0.00,,,,,
,,,#REF!,#REF!,#REF!,#REF!,#REF!,,,0.00,,,,,
,,,#REF!,#REF!,#REF!,#REF!,#REF!,,,0.00,,,,,
,,,#REF!,#REF!,#REF!,#REF!,#REF!,,,0.00,,,,,
,,,#REF!,#REF!,#REF!,#REF!,#REF!,,,0.00,,,,,
,,,#REF!,#REF!,#REF!,#REF!,#REF!,,,0.00,,,,,
,,,,#REF!,#REF!,#REF!,#REF!,,,0.00,,,,,
,,,,#REF!,#REF!,#REF!,#REF!,,,0.00,,,,,
,,,,#REF!,#REF!,#REF!,#REF!,,,0.00,,,,,
,,,,#REF!,#REF!,#REF!,#REF!,,,0.00,,,,,
,,,,#REF!,#REF!,#REF!,#REF!,,,0.00,,,,,
,,,,#REF!,#REF!,#REF!,#REF!,,,0.00,,,,,
,,,,#REF!,#REF!,#REF!,#REF!,,,0.00,,,,,
,,,,#REF!,#REF!,#REF!,#REF!,,,0.00,,,,,
,,,,#REF!,#REF!,#REF!,#REF!,,,0.00,,,,,
,,,,#REF!,#REF!,#REF!,#REF!,,,0.00,,,,,
,,,,#REF!,#REF!,#REF!,#REF!,,,0.00,,,,,
,,,,#REF!,#REF!,#REF!,#REF!,,,0.00,,,,,
,,,,#REF!,#REF!,#REF!,#REF!,,,0.00,,,,,
,,,,#REF!,#REF!,#REF!,#REF!,,,0.00,,,,,
,,,,#REF!,#REF!,#REF!,#REF!,,,0.00,,,,,
,,,,#REF!,#REF!,#REF!,#REF!,,,0.00,,,,,
,,,,#REF!,#REF!,#REF!,#REF!,,,0.00,,,,,
,,,,#REF!,#REF!,#REF!,#REF!,,,0.00,,,,,
,,,,#REF!,#REF!,#REF!,#REF!,,,0.00,,,,,
,,,,#REF!,#REF!,#REF!,#REF!,,,0.00,,,,,
,,,,#REF!,#REF!,#REF!,#REF!,,,0.00,,,,,
,,,,#REF!,#REF!,#REF!,#REF!,,,0.00,,,,,
,,,,#REF!,#REF!,#REF!,#REF!,,,0.00,,,,,
,,,,#REF!,#REF!,#REF!,#REF!,,,0.00,,,,,
,,,,#REF!,#REF!,#REF!,#REF!,,,0.00,,,,,
,,,,#REF!,#REF!,#REF!,#REF!,,,0.00,,,,,
,,,,#REF!,#REF!,#REF!,#REF!,,,0.00,,,,,
,,,,#REF!,#REF!,#REF!,#REF!,,,0.00,,,,,
,,,,#REF!,#REF!,#REF!,#REF!,,,0.00,,,,,
,,,,#REF!,#REF!,#REF!,#REF!,,,0.00,,,,,
,,,,#REF!,#REF!,#REF!,#REF!,,,0.00,,,,,
,,,,#REF!,#REF!,#REF!,#REF!,,,0.00,,,,,
,,,,#REF!,#REF!,#REF!,#REF!,,,0.00,,,,,
,,,,#REF!,#REF!,#REF!,#REF!,,,0.00,,,,,
,,,,#REF!,#REF!,#REF!,#REF!,,,0.00,,,,,
,,,,#REF!,#REF!,#REF!,#REF!,,,0.00,,,,,
,,,,#REF!,#REF!,#REF!,#REF!,,,0.00,,,,,
,,,,#REF!,#REF!,#REF!,#REF!,,,0.00,,,,,
,,,,#REF!,#REF!,#REF!,#REF!,,,0.00,,,,,
,,,,#REF!,#REF!,#REF!,#REF!,,,0.00,,,,,
,,,,#REF!,#REF!,#REF!,#REF!,,,0.00,,,,,