,,,,,,,,,,,,,,,,,,,,
,PSD REVENUE 2026,,,,,,,,,,,,,,,VMF,STC/ONLINE VMF,,TUGBOAT,
,2026,VESSEL CHARGES,,,CARGO CHARGES,,,TOTAL REVENUE,,,,,,,,,"3,601,143.00",,,"1,512,000.00"
,,Foreign,Domestic,TOTAL,Foreign,Domestic,TOTAL,,,YEAR,Vessel & Cargo REVENUE,VMF,TUG BOAT SERVICE,Other Ancillary Service,Total,Total Collection for the Month,,,Total Collection for the Month,
,,"  43,520,014.29 ","  907,416.96 ","  44,427,431.25 ","  72,784,228.66 ","  2,496,354.81 ","  75,280,583.47 ","  119,708,014.72 ",,2026,"  119,708,014.72 ","  3,601,143.00 ","  1,512,000.00 ","  345,479.65 ","125,166,637.37",2026,,,2026,
,JAN-MAR,"  24,458,435.52 ","  374,302.38 ","  24,832,737.90 ","  33,312,470.14 ","  1,599,831.43 ","  34,912,301.57 ","  59,745,039.47 ",,2025,"  291,058,233.51 ","  8,480,126.08 ","  2,331,070.00 "," ₱897,844.52 ","302,767,274.11",January,"841,008.00",,January,"789,250.00"
,APR-JUN,"  18,542,230.27 ","  531,495.38 ","  19,073,725.65 ","  36,462,940.12 ","  896,523.38 ","  37,359,463.50 ","  56,433,189.15 ",,2024,"  291,659,365.60 ","  6,930,085.00 ",,,,February,"980,533.00",,February,"141,750.00"
,JUL-SEP,  -   ,  -   ,  -   ,  -   ,  -   ,  -   ,  -   ,,2023,"  238,253,772.96 ",,,,,March,"865,271.00",,March,"204,750.00"
,OCT-DEC,"  519,348.50 ","  1,619.20 ","  520,967.70 ","  3,008,818.40 ",  -   ,"  3,008,818.40 ","  3,529,786.10 ",,2022,"  179,416,142.14 ",,,,,April,"914,331.00",,April,"71,750.00"
,,,,,,,,,,2021,"  101,898,019.10 ",,,,,May,,,May,"304,500.00"
,January,"  8,705,480.50 ","  128,770.45 ","  8,834,250.95 ","  17,161,556.25 ","  132,924.51 ","  17,294,480.76 ","  26,128,731.71 ",,2020,"  60,171,097.53 ",,,,,June,,,June,
,February,"  6,497,274.18 ","  93,250.16 ","  6,590,524.34 ","  10,635,339.95 ","  957,705.72 ","  11,593,045.67 ","  18,183,570.01 ",,2019,"  11,753,472.99 ",,,,,July,,,July,
,March,"  9,255,680.84 ","  152,281.77 ","  9,407,962.61 ","  5,515,573.93 ","  509,201.20 ","  6,024,775.14 ","  15,432,737.75 ",,2018,"  19,604,924.98 ",,,,,August,,,August,
,April,"  10,147,960.28 ","  150,635.66 ","  10,298,595.94 ","  26,505,084.58 ","  267,277.06 ","  26,772,361.64 ","  37,070,957.58 ",,2017,"  23,566,079.23 ",,     . ,,,September,,,September,
,May,"  8,041,830.96 ","  378,085.84 ","  8,419,916.80 ","  9,536,819.92 ","  300,057.24 ","  9,836,877.16 ","  18,256,793.96 ",,2016,"  6,820,003.34 ",,,,,October,,,October,
,June,"  352,439.03 ","  2,773.88 ","  355,212.91 ","  421,035.62 ","  329,189.08 ","  750,224.70 ","  1,105,437.61 ",,TOTAL,"  933,142,877.86 ",,,,,November,,,November,
,July,  -   ,  -   ,  -   ,  -   ,  -   ,  -   ,  -   ,,,,,,#VALUE!,,December,,,December,
,August,  -   ,  -   ,  -   ,  -   ,  -   ,  -   ,  -   ,,,,,,,,,,,,
,September,  -   ,  -   ,  -   ,  -   ,  -   ,  -   ,  -   ,,,,,,,,,,,,
,October,  -   ,  -   ,  -   ,  -   ,  -   ,  -   ,  -   ,,,,,,,,,,,,
,November,  -   ,  -   ,  -   ,  -   ,  -   ,  -   ,  -   ,,,,,,,,,,,,
,December,"  519,348.50 ","  1,619.20 ","  520,967.70 ","  3,008,818.40 ",  -   ,"  3,008,818.40 ","  3,529,786.10 ",,,,,,,,,,,,
,TOTAL,"  43,520,014.29 ","  907,416.96 ","  44,427,431.25 ","  72,784,228.66 ","  2,496,354.81 ","  75,280,583.47 ","  119,708,014.72 ",,,,,,,,,,,,
,,,,,.,,,"  116,178,228.62 ",,,,,,,,,,,,
,,,,,,,,,,,,,,,,,,,,
,,,,,,,,,,,,,,,,,,,,
,Month,FOREIGN VESSEL,,,,,DOMESTIC VESSEL,,,,,FOREIGN CARGO,,DOMESTIC CARGO,,"Total
with VAT","Total
w/o VAT",,,
,,'PORT DUES (PHP),'DOCKAGE FEE (PHP),'ANCHORAGE FEE (PHP),'PILOTAGE FEE - V (PHP),'VTMS FEE,'USAGE FEE (PHP),'ANCHORAGE FEE (PHP),'PILOTAGE FEE - V (PHP),'VTMS FEE,'VAT (PHP),'IMPORT WHARFAGE,'VAT - C,'DOMESTIC WHARFAGE,'VAT - C,,,,,
,January,"  3,141,837.00 ","  4,524,320.93 ","  617,418.10 ","  402,654.47 ","  19,250.00 ","  31,012.51 ","  72,369.05 ",  748.76 ,"  10,000.00 ","  14,640.13 ","  15,322,432.37 ","  1,839,123.88 ","  119,068.31 ","  13,856.20 ","  26,128,731.71 ","  24,261,111.50 ",,,
,February,"  1,693,274.40 ","  3,450,622.93 ","  1,185,651.22 ","  153,725.63 ","  14,000.00 ","  48,893.20 ","  24,488.80 ",  600.50 ,"  8,250.00 ","  11,017.66 ","  9,407,008.94 ","  1,228,331.01 ","  949,021.17 ","  8,684.55 ","  18,183,570.01 ","  16,935,536.79 ",,,
,March,"  2,380,415.47 ","  4,598,975.76 ","  1,949,879.09 ","  311,410.52 ","  15,000.00 ","  66,325.32 ","  56,011.89 ",  725.96 ,"  12,500.00 ","  16,718.60 ","  4,899,880.82 ","  615,693.11 ","  480,539.82 ","  28,661.38 ","  15,432,737.75 ","  14,771,664.65 ",,,
,April,"  3,162,733.08 ","  5,154,943.27 ","  1,438,518.93 ","  373,765.00 ","  18,000.00 ","  66,129.83 ","  52,680.46 ","  2,679.90 ","  12,000.00 ","  17,145.47 ","  23,665,254.03 ","  2,839,830.55 ","  238,640.23 ","  28,636.83 ","  37,070,957.58 ","  34,185,344.73 ",,,
,May,"  2,663,203.11 ","  3,995,517.76 ","  1,109,746.54 ","  256,363.55 ","  17,000.00 ","  266,738.79 ","  56,548.31 ",  849.86 ,"  12,500.00 ","  41,448.88 ","  8,515,017.84 ","  1,021,802.08 ","  271,088.46 ","  28,968.78 ","  18,256,793.96 ","  17,164,574.22 ",,,
,June,"  138,303.63 ","  204,894.27 ",  -   ,"  8,241.13 ","  1,000.00 ",  706.40 ,"  1,253.60 ",  16.68 ,  500.00 ,  297.20 ,"  344,510.00 ","  76,525.62 ","  325,333.48 ","  3,855.60 ","  1,105,437.61 ","  1,024,759.19 ",,,
,July,  -   ,  -   ,  -   ,  -   ,  -   ,  -   ,  -   ,  -   ,  -   ,  -   ,  -   ,  -   ,  -   ,  -   ,  -   ,  -   ,,,
,August,  -   ,  -   ,  -   ,  -   ,  -   ,  -   ,  -   ,  -   ,  -   ,  -   ,  -   ,  -   ,  -   ,  -   ,  -   ,  -   ,,,
,September,  -   ,  -   ,  -   ,  -   ,  -   ,  -   ,  -   ,  -   ,  -   ,  -   ,  -   ,  -   ,  -   ,  -   ,  -   ,  -   ,,,
,October,  -   ,  -   ,  -   ,  -   ,  -   ,  -   ,  -   ,  -   ,  -   ,  -   ,  -   ,  -   ,  -   ,  -   ,  -   ,  -   ,,,
,November,  -   ,  -   ,  -   ,  -   ,  -   ,  -   ,  -   ,  -   ,  -   ,  -   ,  -   ,  -   ,  -   ,  -   ,  -   ,  -   ,,,
,December,"  226,847.64 ","  231,953.31 ","  15,812.51 ","  43,235.04 ","  1,500.00 ",  394.40 ,  788.80 ,  12.51 ,  250.00 ,  173.49 ,"  2,686,445.00 ","  322,373.40 ",  -   ,  -   ,"  3,529,786.10 ","  3,207,239.21 ",,,
,Grand Total,"  13,406,614.33 ","  22,161,228.23 ","  6,317,026.39 ","  1,549,395.34 ","  85,750.00 ","  480,200.45 ","  264,140.91 ","  5,634.17 ","  56,000.00 ","  101,441.43 ","  64,840,549.00 ","  7,943,679.66 ","  2,383,691.47 ","  112,663.34 ","  119,708,014.72 ","  111,550,230.29 ",,,
,,,,,,,,,,,,,,,,,,,,
,,,,,,,,,,,,,,,,,,,,
,,,,,,,,,,,,,,,,,,,,
,MONTH OF PAYMENT,'PORT DUES (PHP),'DOCKAGE FEE (PHP),'ANCHORAGE FEE (PHP),'PILOTAGE FEE - V (PHP),,,,,,,,,,,,,,,
,Grand Total,,,,,,,,,,,,,,,,,,,
,,,,,,,,,,,,,,,,,,,,
,,,,,,,,,,,,,,,,,,,,
,,,,,,,,,,,,,,,,,,,,
,,,,,,,,,,,,,,,,,,,,
,,,,,,,,,,,,,,,,,,,,
,,,,,,,,,,,,,,,,,,,,
,,,,,,,,,,,,,,,,,,,,
,,,,,,,,,,,,,,,,,,,,
,,,,,,,,,,,,,,,,,,,,
,,,,,,,,,,,,,,,,,,,,
,,,,,,,,,,,,,,TUGBOAT SERVICES,,"  974,120.00 ",,,,
,,,,,,,,,,,,,,OTHER ANCILLARY SERVICES,,"  345,479.65 ",,,,
,,,,,,,,,,,,,,TOTAL,,"  1,319,599.65 ",,,,
,,,,,,,,,,,,,,,,,,,,
,,,,,,,,,,,,,,,,,,,,
,,,,,,,,,,,,,,,,,,,,
,,,,,,,,,,,,,,,,,,,,
,,,,,,,,,,,,,,,,,,,,
,,,,,,,,,,,,,,,,,,,,
,MONTH OF PAYMENT,'USAGE FEE (PHP),'ANCHORAGE FEE (PHP),'PILOTAGE FEE - V (PHP),'VAT (PHP),,,,,,,,,VMF,"  2,938,141.00 ",,,,,
,Grand Total,,,,,,,,,,,,,,,,,,,
,,,,,,,,,,,,,,,,,,,,
,,,,,,,,,,,,,,,,,,,,
,,,,,,,,,,,,,,,,,,,,
,,,,,,,,,,,,,,,,,,,,
,,,,,,,,,,,,,,,,,2025,2026,,
,,,,,,,,,,,,,,VMF,,,"3,934,418.08","3,601,143.00",,
,,,,,,,,,,,,,,,,,,,,
,,,,,,,,,,,,,,,,,,,,
,,,,,,,,,,,,,,,,,,,,
,,,,,,,,,,,,,,TUGBOAT,,,"777,023.33","974,120.00",,
,,,,,,,,,,,,,,OTHER ANCILLARY,,,"299,697.59","265,280.84",,
,,,,,,,,,,,,,,,,,,,,
,,,,,,,,,,,,,,,,,,,,
,,,,,,,,,,,,,,,,,,,,
,,,,,,,,,,,,,,,,,,,,
,,,,,,,,,,,,,,,,,,,,
,,,,,,,,,,,,,,,,,,,,
,,,,,,,,,,,,,,,,,,,,
,,,,,,,,,,,,,,,,,,,,
,,,,,,,,,,,,,,,,,,,,
,,,,,,,,,,,,,,,,,,,,
,MONTH OF PAYMENT,'IMPORT WHARFAGE,'VAT - C,,,,,,,,,,,,,,,,,
,Grand Total,,,,,,,,,,,,,,,,,,,
,,,,,,,,,,,,,,,,,,,,
,,,,,,,,,,,,,,,,,,,,
,,,,,,,,,,,,,,,,,,,,
,,,,,,,,,,,,,,,,,,,,
,,,,,,,,,,,,,,,,,,,,
,,,,,,,,,,,,,,,,,,,,
,,,,,,,,,,,,,,,,,,,,
,,,,,,,,,,,,,,,,,,,,
,,,,,,,,,,,,,,,,,,,,
,,,,,,,,,,,,,,,,,,,,
,,,,,,,,,,,,,,,,,,,,
,,,,,,,,,,,,,,,,,,,,
,,,,,,,,,,,,,,,,,,,,
,,,,,,,,,,,,,,,,,,,,
,,,,,,,,,,,,,,,,,,,,
,,,,,,,,,,,,,,,,,,,,
,,,,,,,,,,,,,,,,,,,,
,,,,,,,,,,,,,,,,,,,,
,,,,,,,,,,,,,,,,,,,,
,,,,,,,,,,,,,,,,,,,,
,,,,,,,,,,,,,,,,,,,,
,MONTH OF PAYMENT,'DOMESTIC WHARFAGE,'VAT - C,,,,,,,,,,,,,,,,,
,Grand Total,,,,,,,,,,,,,,,,,,,