UPDATED AS OF:,,,,,TOTAL VESSELS DOCKED:,,,,,623,VESSEL NOT YET PAID:,,31,,VESSEL CHARGES,,,,,,,,,,,,,,,,,,,CARGO CHARGES,,,,,,,,,,,,,,,,,,,,,,,
NO., ,CONTROL NO.,MONTH,TERMINAL,VESSEL NAME,VESSEL OPERATION,PURPOSE OF CALL,SHIP TO SHIP?,"<< If ship-to-ship operation, indicate Mother Vessel",KIND OF SHIPMENT,377,CARGO NOT YET PAID:,,39,,,,,,,,,,,,,,,,,,,,,,,,,,,,,,,,,,,,,,,,,,,,
,,,,,,,,,,,ACTUAL TIME OF ARRIVAL (ATA),ESTIMATED TIME OF DEPARTURE (ETD),ETD DAY,ACTUAL TIME OF DEPARTURE (ATD),WITH COMPLETE DOCUMENTARY REQUIREMENTS?,SHIPPING AGENCY,STATUS OF BILLING INVOICE - V,BILLING INVOICE CONTROL NO. - V,PORT DUES (PHP),DOCKAGE FEE (PHP),OR NUMBER DF,ANCHORAGE FEE (PHP),OR NUMBER AC,PILOTAGE FEE - V (PHP),OR NUMBER PF,USAGE FEE (PHP),SERVICE FEE,VAT (PHP),OR NUMBER USV,DEADLINE OF PAYMENT - V,ACTUAL DATE OF PAYMENT - V,MONTH OF PAYMENT,VESSEL FEES PAYMENT STATUS,PENALTY DAYS - V,CONSIGNEE,STATUS OF BILLING INVOICE - C,DATE SENT TO CLIENT,BILLING INVOICE CONTROL NO. - C,IMPORT WHARFAGE,DOMESTIC WHARFAGE,VAT - C,Actual Payment,OR NUMBER WD,DEADLINE OF PAYMENT - C,ACTUAL DATE OF PAYMENT - C,MONTH OF PAYMENT,CARGO FEES,PENALTY DAYS - C,REFUND?,UPDATED BY:,PENALTY(VESSEL),PENALTY(CARGO)
1,F,PSD-25-555-F(2),August,MPGC,MV XIN RONG,SHIP-SHORE (DIRECT DOCKING),DISCHARGING OF CARGO,N/A,N/A,IMPORT,"August 03, 2026","August 14, 2026",Fri,"August 14, 2026",YES,WILHELMSEN-SMITH BELL SHIPPING INC.,PROCESSED,PSD-25-555-F(2),,"98,730.78",0079568,,,,,,,,,"August 12, 2026","March 11, 2026",March,PAID,ON-TIME PAYMENT,,,,,,,,,,,,,,,NO,JUP,,,,,,,,
2,D,PSD-25-730-D,November,E-FARE,BTC MOUNT MAKILING,SHIP-SHORE (DIRECT DOCKING),LOADING OF CARGO,N/A,N/A,OUTBOUND-DOMESTIC,"November 18, 2025","November 19, 2025",Wed,"November 19, 2025",YES,,,,,,,,,,,,,,,,,,,,ELITE MARINE CONSTRUCTION CORP.,PROCESSED,"November 19, 2025", PSD-25-730-D(C) ,,"10,800.00","1,296.00","11,880.00",0102267,"November 19, 2025","April 07, 2026",April,PAID,139,NO,JUP,,,,,,,,
3,F,PSD-25-744-F,November,GNPD,MV WELFINE,SHIP-SHORE (DIRECT DOCKING),DISCHARGING OF CARGO,N/A,N/A,IMPORT,"November 29, 2025","December 03, 2025",Wed,"December 03, 2025",YES,BAISHIPPING INC.,PROCESSED,PSD-25-744-F,"243,870.12","240,859.37", 0101031 ,,,"29,379.00", 0101031 ,,"1,000.00",, 0101031 ,"December 1, 2025","January 07, 2026",January,PAID,35,,,,,,,,,,,,,,,NO,NSD,,,,,,,,
4,F,PSD-25-752-F,December,GNPD,MV ORIENT U,SHIP-SHORE (DIRECT DOCKING),DISCHARGING OF CARGO,N/A,N/A,IMPORT,"December 06, 2025","December 09, 2025",Tue,"December 09, 2025",YES,BAISHIPPING INC.,PROCESSED,PSD-25-752-F,"209,012.07","206,431.67", 0101108 ,,,"26,246.29", 0101108 ,,"1,000.00",, 0101108 ,"November 7, 2025","January 09, 2026",January,PAID,31,,,,,,,,,,,,,,,NO,NSD,,,,,,,,
5,F,PSD-25-758-F,December,GNPD,MV CORNELIE OLDENDORFF,SHIP-SHORE (DIRECT DOCKING),DISCHARGING OF CARGO,N/A,N/A,IMPORT,"December 07, 2025","December 12, 2025",Fri,"December 12, 2025",YES,BAISHIPPING INC.,PROCESSED,PSD-25-758-F,"242,832.47","299,793.17", 0101109 ,"119,917.27",0101109,"39,417.47",0101109,,"1,000.00",,0101109,"December 10, 2025","January 09, 2026",January,PAID,28,,,,,,,,,,,,,,,NO,JUP,,,,,,,,
6,F,PSD-25-778-F,December,GNPD,MV ATHENS TRADER,SHIP-SHORE (DIRECT DOCKING),DISCHARGING OF CARGO,N/A,N/A,IMPORT,"December 13, 2025","December 17, 2025",Wed,"December 17, 2025",YES,GNPOWER DINGININ LTD. CO.,PROCESSED,PSD-25-778-F,"206,626.16","204,075.22", 0101110 ,"51,018.80",0101110,"13,038.66",0101110,,"1,000.00",,,"December 15, 2025","January 09, 2026",January,PAID,23,,,,,,,,,,,,,,,NO ,JUP,,,QC,,,,,
7,F,PSD-25-782-F,December,MPGC,MV SHINE SAPPHIRE,SHIP-SHORE (DIRECT DOCKING),DISCHARGING OF CARGO,N/A,N/A,IMPORT,"December 18, 2025","December 26, 2025",Fri,"December 26, 2025",YES,,,,,,,,,,,,,,,,,,,,,,,,"1,277,600.68",,,"153,312.08","1,405,360.75",0101292,"December 26, 2025","January 15, 2026",January,PAID,20,MARIVELES POWER GENERATION CORPORATION,PROCESSED,12/26/2025,,,,,
8,F,PSD-25-791-F,December,GNPD,MV NORD POLARIS,SHIP-SHORE (DIRECT DOCKING),DISCHARGING OF CARGO,N/A,N/A,IMPORT,"December 18, 2025","December 22, 2025",Mon,"December 22, 2025",YEES,GNPOWER DINGININ LTD. CO.,PROCESSED,PSD-25-791-F,"204,197.17","201,676.21", 0101111 ,"50,419.05",0101111,"26,059.53",0101111,,"1,000.00",,,"December 20, 2025","January 09, 2026",January,PAID,18,,,,,,,,,,,,,,,NO,JUP,,,,,,,,
9,D,PSD-26-795-D,December,E-FARE,BTC MOUNT MAKILING,SHIP-SHORE (DIRECT DOCKING),LOADING OF CARGO,N/A,N/A,OUTBOUND-DOMESTIC,"December 17, 2025","December 17, 2025",Wed,"December 17, 2025",YES,,,,,,,,,,,,,,,,,,,,ELITE MARINE CONSTRUCTION CORP.,PROCESSED,"December 17, 2025",PSD-26-795-D(C),"10,800.00","1,296.00","11,880.00",0102269,"December 17, 2025","April 06, 2026",January,PAID,110,,,,,,,,,,
10,F,PSD-25-804-F,December,GNPD,MV AGAMEMNON II ,SHIP-SHORE (DIRECT DOCKING),DISCHARGING OF CARGO,N/A,N/A,IMPORT,"December 19, 2025","December 29, 2025",Mon,"December 29, 2025",YES,BAISHIPPING INC.,PROCESSED,PSD-25-804-F,"212,889.93","210,261.66", 0101112 ,"52,565.41",0101112,"32,656.12",0101112,,"1,000.00",,,"December 27, 2025","January 09, 2026",January,PAID,11,,,,,,,,,,,,,,,NO,JUP,,,,,,,,
